	Gene	TF	corr	absCorr
979	Solyc09g098590.4	Solyc04g077490.3	0.22352579644561366	0.22352579644561366
980	Solyc09g098590.4	Solyc01g067560.3	-0.3893361647487054	0.3893361647487054
981	Solyc09g098590.4	Solyc10g080770.3	-0.48778363605207115	0.48778363605207115
982	Solyc09g098590.4	Solyc02g063430.4	0.1849136193096016	0.1849136193096016
983	Solyc09g098590.4	Solyc02g076810.4	-0.5026129929741847	0.5026129929741847
984	Solyc09g098590.4	Solyc12g005960.3	-0.4452213595916681	0.4452213595916681
985	Solyc09g098590.4	Solyc02g065350.3	0.0810907962185706	0.0810907962185706
986	Solyc09g098590.4	Solyc08g005050.4	-0.048798636996065445	0.048798636996065445
987	Solyc09g098590.4	Solyc06g073640.4	0.22421023360887185	0.22421023360887185
988	Solyc09g098590.4	Solyc02g078130.3	0.4023499675185401	0.4023499675185401
989	Solyc09g098590.4	Solyc07g026680.2	-0.26052444856315715	0.26052444856315715
991	Solyc09g098590.4	Solyc08g007170.1	0.14515109582605132	0.14515109582605132
993	Solyc09g098590.4	Solyc10g055760.2	0.1257326762589057	0.1257326762589057
994	Solyc09g098590.4	Solyc08g075090.4	0.15748048822865024	0.15748048822865024
995	Solyc09g098590.4	Solyc04g078550.3	0.2530929789104114	0.2530929789104114
996	Solyc09g098590.4	Solyc09g014250.3	0.06657607994774349	0.06657607994774349
997	Solyc09g098590.4	Solyc09g065820.4	0.4144730681718659	0.4144730681718659
998	Solyc09g098590.4	Solyc04g078770.4	0.4028310147428159	0.4028310147428159
999	Solyc09g098590.4	Solyc05g050330.3	-0.3512876088904844	0.3512876088904844
1000	Solyc09g098590.4	Solyc11g005920.3	-0.41534616778511557	0.41534616778511557
1001	Solyc09g098590.4	Solyc03g123500.4	0.13514305665118517	0.13514305665118517
1002	Solyc09g098590.4	Solyc10g005010.4	0.17389786571529273	0.17389786571529273
1003	Solyc09g098590.4	Solyc05g009460.3	0.0883103474302525	0.0883103474302525
1004	Solyc09g098590.4	Solyc05g052610.3	-0.42652338981996535	0.42652338981996535
1005	Solyc09g098590.4	Solyc06g076770.3	0.3877902689234187	0.3877902689234187
1006	Solyc09g098590.4	Solyc04g007000.2	-0.49169423222831976	0.49169423222831976
1007	Solyc09g098590.4	Solyc07g053590.4	0.35085853717212984	0.35085853717212984
1008	Solyc09g098590.4	Solyc02g092050.3	0.4171013841076306	0.4171013841076306
1009	Solyc09g098590.4	Solyc02g084350.3	0.15210963498390448	0.15210963498390448
1010	Solyc09g098590.4	Solyc06g053610.3	0.11464848206870613	0.11464848206870613
1011	Solyc09g098590.4	Solyc08g079270.3	0.23177338319173957	0.23177338319173957
1013	Solyc09g098590.4	Solyc11g006720.2	-0.2794875321964908	0.2794875321964908
1014	Solyc09g098590.4	Solyc03g096350.3	0.09568651581999095	0.09568651581999095
1015	Solyc09g098590.4	Solyc12g014610.2	-0.47028449166825326	0.47028449166825326
1016	Solyc09g098590.4	Solyc12g098520.2	-0.368588932070173	0.368588932070173
1017	Solyc09g098590.4	Solyc04g015500.3	-0.3353243779079965	0.3353243779079965
1018	Solyc09g098590.4	Solyc04g008870.3	-0.13499663765873487	0.13499663765873487
1019	Solyc09g098590.4	Solyc11g008000.2	0.22173448894168757	0.22173448894168757
1020	Solyc09g098590.4	Solyc12g096200.2	-0.38091471127738125	0.38091471127738125
1022	Solyc09g098590.4	Solyc01g097330.3	-0.5167984649994695	0.5167984649994695
1023	Solyc09g098590.4	Solyc04g045430.4	-0.3722967093546019	0.3722967093546019
1024	Solyc09g098590.4	Solyc07g062680.3	0.2345662450042861	0.2345662450042861
1025	Solyc09g098590.4	Solyc08g068320.3	0.548133768028416	0.548133768028416
1026	Solyc09g098590.4	Solyc05g009230.3	-0.35061688541791436	0.35061688541791436
1027	Solyc09g098590.4	Solyc01g091910.4	0.15290102616111778	0.15290102616111778
1029	Solyc09g098590.4	Solyc04g080740.1	0.3098778258654723	0.3098778258654723
1030	Solyc09g098590.4	Solyc08g005270.3	-0.4108920893603828	0.4108920893603828
1031	Solyc09g098590.4	Solyc03g095980.3	0.08536060213787006	0.08536060213787006
1033	Solyc09g098590.4	Solyc01g090340.3	0.5796082563436492	0.5796082563436492
1034	Solyc09g098590.4	Solyc01g109880.3	0.5413311119021443	0.5413311119021443
1035	Solyc09g098590.4	Solyc02g077450.3	-0.27992008007151	0.27992008007151
1036	Solyc09g098590.4	Solyc06g071230.3	-0.19523201136020954	0.19523201136020954
1037	Solyc09g098590.4	Solyc07g018010.3	0.25282808103827664	0.25282808103827664
1038	Solyc09g098590.4	Solyc06g071690.3	-0.05884083364641298	0.05884083364641298
1039	Solyc09g098590.4	Solyc06g007530.2	0.4821037432598299	0.4821037432598299
1040	Solyc09g098590.4	Solyc01g090560.4	0.06525513318856961	0.06525513318856961
1042	Solyc09g098590.4	Solyc11g010710.2	0.03507989014904733	0.03507989014904733
1043	Solyc09g098590.4	Solyc06g083590.4	-0.25749602084932416	0.25749602084932416
1044	Solyc09g098590.4	Solyc02g062950.3	-0.47939878551740667	0.47939878551740667
1047	Solyc09g098590.4	Solyc10g055410.2	0.36871242491249434	0.36871242491249434
1048	Solyc09g098590.4	Solyc01g008980.3	-0.2795840696971393	0.2795840696971393
1049	Solyc09g098590.4	Solyc05g009880.3	0.49424413531044115	0.49424413531044115
1050	Solyc09g098590.4	Solyc09g008850.3	-0.4724874145209298	0.4724874145209298
1051	Solyc09g098590.4	Solyc03g122030.1	-0.43966384143971415	0.43966384143971415
1052	Solyc09g098590.4	Solyc04g074810.4	0.026049622025671987	0.026049622025671987
1053	Solyc09g098590.4	Solyc12g008690.3	0.3605779219425761	0.3605779219425761
1054	Solyc09g098590.4	Solyc03g113620.3	-0.051309480787937	0.051309480787937
1055	Solyc09g098590.4	Solyc09g089870.3	-0.32830181741192743	0.32830181741192743
1056	Solyc09g098590.4	Solyc06g054540.3	-0.45590126965900996	0.45590126965900996
1057	Solyc09g098590.4	Solyc03g026020.3	-0.4804689674371003	0.4804689674371003
1058	Solyc09g098590.4	Solyc01g104900.3	-0.43591216369901054	0.43591216369901054
1059	Solyc09g098590.4	Solyc08g022080.4	-0.1796617091917183	0.1796617091917183
1060	Solyc09g098590.4	Solyc06g083170.3	-0.07619099898486081	0.07619099898486081
1061	Solyc09g098590.4	Solyc04g077480.3	0.13841187374429123	0.13841187374429123
1062	Solyc09g098590.4	Solyc02g087920.3	-0.3744806724127147	0.3744806724127147
1063	Solyc09g098590.4	Solyc07g047610.3	0.13197744309649773	0.13197744309649773
1065	Solyc09g098590.4	Solyc09g057710.4	0.396891263851617	0.396891263851617
1066	Solyc09g098590.4	Solyc03g078120.4	-0.39742725994393996	0.39742725994393996
1067	Solyc09g098590.4	Solyc08g078340.3	-0.3487670601236495	0.3487670601236495
1157	Solyc12g008510.2	Solyc04g077490.3	-0.5935695139824626	0.5935695139824626
1158	Solyc12g008510.2	Solyc01g067560.3	0.6160961996131502	0.6160961996131502
1159	Solyc12g008510.2	Solyc10g080770.3	0.7315719518980054	0.7315719518980054
1160	Solyc12g008510.2	Solyc02g063430.4	-0.533528445805507	0.533528445805507
1161	Solyc12g008510.2	Solyc02g076810.4	0.7429238120907834	0.7429238120907834
1162	Solyc12g008510.2	Solyc12g005960.3	0.7035245141715412	0.7035245141715412
1163	Solyc12g008510.2	Solyc02g065350.3	-0.38848117651697833	0.38848117651697833
1164	Solyc12g008510.2	Solyc08g005050.4	-0.3144498330495175	0.3144498330495175
1165	Solyc12g008510.2	Solyc06g073640.4	-0.4197584567237325	0.4197584567237325
1166	Solyc12g008510.2	Solyc02g078130.3	-0.4866384796630047	0.4866384796630047
1167	Solyc12g008510.2	Solyc07g026680.2	0.8467618450701919	0.8467618450701919
1169	Solyc12g008510.2	Solyc08g007170.1	-0.5052910503308082	0.5052910503308082
1171	Solyc12g008510.2	Solyc10g055760.2	-0.28862039796313865	0.28862039796313865
1172	Solyc12g008510.2	Solyc08g075090.4	-0.4548658744360034	0.4548658744360034
1173	Solyc12g008510.2	Solyc04g078550.3	-0.5662149939791267	0.5662149939791267
1174	Solyc12g008510.2	Solyc09g014250.3	-0.48567638599300944	0.48567638599300944
1175	Solyc12g008510.2	Solyc09g065820.4	-0.5718564950771171	0.5718564950771171
1176	Solyc12g008510.2	Solyc04g078770.4	-0.5995973471058035	0.5995973471058035
1177	Solyc12g008510.2	Solyc05g050330.3	0.5445551442452204	0.5445551442452204
1178	Solyc12g008510.2	Solyc11g005920.3	0.788924653454499	0.788924653454499
1179	Solyc12g008510.2	Solyc03g123500.4	-0.3803095028008058	0.3803095028008058
1180	Solyc12g008510.2	Solyc10g005010.4	-0.3456904270667165	0.3456904270667165
1181	Solyc12g008510.2	Solyc05g009460.3	-0.5011668954934279	0.5011668954934279
1182	Solyc12g008510.2	Solyc05g052610.3	0.6735032677308421	0.6735032677308421
1183	Solyc12g008510.2	Solyc06g076770.3	-0.28985214501621853	0.28985214501621853
1184	Solyc12g008510.2	Solyc04g007000.2	0.7319017114938358	0.7319017114938358
1185	Solyc12g008510.2	Solyc07g053590.4	-0.5070597217545509	0.5070597217545509
1186	Solyc12g008510.2	Solyc02g092050.3	-0.5692842990960872	0.5692842990960872
1187	Solyc12g008510.2	Solyc02g084350.3	-0.4017297250248527	0.4017297250248527
1188	Solyc12g008510.2	Solyc06g053610.3	-0.2628477613428096	0.2628477613428096
1189	Solyc12g008510.2	Solyc08g079270.3	-0.4895897112700402	0.4895897112700402
1191	Solyc12g008510.2	Solyc11g006720.2	0.30592324302470325	0.30592324302470325
1192	Solyc12g008510.2	Solyc03g096350.3	-0.4961349052180207	0.4961349052180207
1193	Solyc12g008510.2	Solyc12g014610.2	0.7826919326877012	0.7826919326877012
1194	Solyc12g008510.2	Solyc12g098520.2	0.6303427230552059	0.6303427230552059
1195	Solyc12g008510.2	Solyc04g015500.3	0.8099922016169607	0.8099922016169607
1196	Solyc12g008510.2	Solyc04g008870.3	-0.25345570755598384	0.25345570755598384
1197	Solyc12g008510.2	Solyc11g008000.2	-0.5119227907430617	0.5119227907430617
1198	Solyc12g008510.2	Solyc12g096200.2	0.6801083729322103	0.6801083729322103
1200	Solyc12g008510.2	Solyc01g097330.3	0.7197557605999503	0.7197557605999503
1201	Solyc12g008510.2	Solyc04g045430.4	0.7063550890671152	0.7063550890671152
1202	Solyc12g008510.2	Solyc07g062680.3	-0.4891500933646913	0.4891500933646913
1203	Solyc12g008510.2	Solyc08g068320.3	-0.49435323024356936	0.49435323024356936
1204	Solyc12g008510.2	Solyc05g009230.3	0.7678608443386407	0.7678608443386407
1205	Solyc12g008510.2	Solyc01g091910.4	-0.3466746482045867	0.3466746482045867
1207	Solyc12g008510.2	Solyc04g080740.1	-0.528118663443293	0.528118663443293
1208	Solyc12g008510.2	Solyc08g005270.3	0.7761684723919766	0.7761684723919766
1209	Solyc12g008510.2	Solyc03g095980.3	0.2855795531004595	0.2855795531004595
1211	Solyc12g008510.2	Solyc01g090340.3	-0.5447045421294311	0.5447045421294311
1212	Solyc12g008510.2	Solyc01g109880.3	-0.6027724275530122	0.6027724275530122
1213	Solyc12g008510.2	Solyc02g077450.3	0.7907943818549201	0.7907943818549201
1214	Solyc12g008510.2	Solyc06g071230.3	0.35798839899779145	0.35798839899779145
1215	Solyc12g008510.2	Solyc07g018010.3	-0.5012174825191643	0.5012174825191643
1216	Solyc12g008510.2	Solyc06g071690.3	-0.3014852610555431	0.3014852610555431
1217	Solyc12g008510.2	Solyc06g007530.2	-0.6157493622835046	0.6157493622835046
1218	Solyc12g008510.2	Solyc01g090560.4	-0.4727268484885375	0.4727268484885375
1220	Solyc12g008510.2	Solyc11g010710.2	-0.20879826831522455	0.20879826831522455
1221	Solyc12g008510.2	Solyc06g083590.4	0.7220172767382341	0.7220172767382341
1222	Solyc12g008510.2	Solyc02g062950.3	0.8251745960289424	0.8251745960289424
1225	Solyc12g008510.2	Solyc10g055410.2	-0.44628180948739987	0.44628180948739987
1226	Solyc12g008510.2	Solyc01g008980.3	0.6651887640631996	0.6651887640631996
1227	Solyc12g008510.2	Solyc05g009880.3	-0.5206531626650821	0.5206531626650821
1228	Solyc12g008510.2	Solyc09g008850.3	0.7495488026574494	0.7495488026574494
1229	Solyc12g008510.2	Solyc03g122030.1	0.7360485978377317	0.7360485978377317
1230	Solyc12g008510.2	Solyc04g074810.4	-0.42532818967363173	0.42532818967363173
1231	Solyc12g008510.2	Solyc12g008690.3	-0.6695792530432099	0.6695792530432099
1232	Solyc12g008510.2	Solyc03g113620.3	0.5959485366845169	0.5959485366845169
1233	Solyc12g008510.2	Solyc09g089870.3	0.7656963729792186	0.7656963729792186
1234	Solyc12g008510.2	Solyc06g054540.3	0.6176090779575455	0.6176090779575455
1235	Solyc12g008510.2	Solyc03g026020.3	0.8153018501163157	0.8153018501163157
1236	Solyc12g008510.2	Solyc01g104900.3	0.8018620127528013	0.8018620127528013
1237	Solyc12g008510.2	Solyc08g022080.4	0.5163476676256378	0.5163476676256378
1238	Solyc12g008510.2	Solyc06g083170.3	-0.4224678677841669	0.4224678677841669
1239	Solyc12g008510.2	Solyc04g077480.3	-0.5135305068881455	0.5135305068881455
1240	Solyc12g008510.2	Solyc02g087920.3	0.7732372467278996	0.7732372467278996
1241	Solyc12g008510.2	Solyc07g047610.3	-0.5443987363553185	0.5443987363553185
1243	Solyc12g008510.2	Solyc09g057710.4	-0.708775170841865	0.708775170841865
1244	Solyc12g008510.2	Solyc03g078120.4	0.6445105047163308	0.6445105047163308
1245	Solyc12g008510.2	Solyc08g078340.3	0.6351167617984028	0.6351167617984028
2937	Solyc07g042520.4	Solyc04g077490.3	0.6285454366209302	0.6285454366209302
2938	Solyc07g042520.4	Solyc01g067560.3	-0.4776158926361672	0.4776158926361672
2939	Solyc07g042520.4	Solyc10g080770.3	-0.5069117853563894	0.5069117853563894
2940	Solyc07g042520.4	Solyc02g063430.4	0.6962612435764054	0.6962612435764054
2941	Solyc07g042520.4	Solyc02g076810.4	-0.43813439940003523	0.43813439940003523
2942	Solyc07g042520.4	Solyc12g005960.3	-0.41812635595699327	0.41812635595699327
2943	Solyc07g042520.4	Solyc02g065350.3	0.580075547849634	0.580075547849634
2944	Solyc07g042520.4	Solyc08g005050.4	0.4955228632290012	0.4955228632290012
2945	Solyc07g042520.4	Solyc06g073640.4	0.32929701648603954	0.32929701648603954
2946	Solyc07g042520.4	Solyc02g078130.3	0.4108276195564906	0.4108276195564906
2947	Solyc07g042520.4	Solyc07g026680.2	-0.5889735999662213	0.5889735999662213
2949	Solyc07g042520.4	Solyc08g007170.1	0.43273924911616224	0.43273924911616224
2951	Solyc07g042520.4	Solyc10g055760.2	0.3925005878425154	0.3925005878425154
2952	Solyc07g042520.4	Solyc08g075090.4	0.3573672752068457	0.3573672752068457
2953	Solyc07g042520.4	Solyc04g078550.3	0.5037507929073004	0.5037507929073004
2954	Solyc07g042520.4	Solyc09g014250.3	0.5708845015151774	0.5708845015151774
2955	Solyc07g042520.4	Solyc09g065820.4	0.31159344650608867	0.31159344650608867
2956	Solyc07g042520.4	Solyc04g078770.4	0.5167334553561661	0.5167334553561661
2957	Solyc07g042520.4	Solyc05g050330.3	-0.5337660422359544	0.5337660422359544
2958	Solyc07g042520.4	Solyc11g005920.3	-0.5146677832648645	0.5146677832648645
2959	Solyc07g042520.4	Solyc03g123500.4	0.48049615385329886	0.48049615385329886
2960	Solyc07g042520.4	Solyc10g005010.4	0.6638653902444015	0.6638653902444015
2961	Solyc07g042520.4	Solyc05g009460.3	0.5331979033974611	0.5331979033974611
2962	Solyc07g042520.4	Solyc05g052610.3	-0.5025600378860756	0.5025600378860756
2963	Solyc07g042520.4	Solyc06g076770.3	0.22818315557718127	0.22818315557718127
2964	Solyc07g042520.4	Solyc04g007000.2	-0.351037678911886	0.351037678911886
2965	Solyc07g042520.4	Solyc07g053590.4	0.7577182651905382	0.7577182651905382
2966	Solyc07g042520.4	Solyc02g092050.3	0.3384498688735568	0.3384498688735568
2967	Solyc07g042520.4	Solyc02g084350.3	0.7209229011898636	0.7209229011898636
2968	Solyc07g042520.4	Solyc06g053610.3	0.2629429167300026	0.2629429167300026
2969	Solyc07g042520.4	Solyc08g079270.3	0.7720152801345033	0.7720152801345033
2971	Solyc07g042520.4	Solyc11g006720.2	-0.28124444984318	0.28124444984318
2972	Solyc07g042520.4	Solyc03g096350.3	0.5292757170717293	0.5292757170717293
2973	Solyc07g042520.4	Solyc12g014610.2	-0.3809080644454274	0.3809080644454274
2974	Solyc07g042520.4	Solyc12g098520.2	-0.5995526978036217	0.5995526978036217
2975	Solyc07g042520.4	Solyc04g015500.3	-0.5329224832602474	0.5329224832602474
2976	Solyc07g042520.4	Solyc04g008870.3	0.5557964275941163	0.5557964275941163
2977	Solyc07g042520.4	Solyc11g008000.2	0.42038343684902835	0.42038343684902835
2978	Solyc07g042520.4	Solyc12g096200.2	-0.33498568501986314	0.33498568501986314
2980	Solyc07g042520.4	Solyc01g097330.3	-0.18990641148202272	0.18990641148202272
2981	Solyc07g042520.4	Solyc04g045430.4	-0.626481283036429	0.626481283036429
2982	Solyc07g042520.4	Solyc07g062680.3	0.5588945737857762	0.5588945737857762
2983	Solyc07g042520.4	Solyc08g068320.3	0.2909455222926775	0.2909455222926775
2984	Solyc07g042520.4	Solyc05g009230.3	-0.46908266452744485	0.46908266452744485
2985	Solyc07g042520.4	Solyc01g091910.4	0.40066101513259517	0.40066101513259517
2987	Solyc07g042520.4	Solyc04g080740.1	0.33827104127475943	0.33827104127475943
2988	Solyc07g042520.4	Solyc08g005270.3	-0.5619464398909492	0.5619464398909492
2989	Solyc07g042520.4	Solyc03g095980.3	-0.4802645404542162	0.4802645404542162
2991	Solyc07g042520.4	Solyc01g090340.3	0.32336594590617285	0.32336594590617285
2992	Solyc07g042520.4	Solyc01g109880.3	0.16867513479432727	0.16867513479432727
2993	Solyc07g042520.4	Solyc02g077450.3	-0.5120228739498751	0.5120228739498751
2994	Solyc07g042520.4	Solyc06g071230.3	-0.36939733078869813	0.36939733078869813
2995	Solyc07g042520.4	Solyc07g018010.3	0.4831332844136864	0.4831332844136864
2996	Solyc07g042520.4	Solyc06g071690.3	0.7385190969751355	0.7385190969751355
2997	Solyc07g042520.4	Solyc06g007530.2	0.29702352114970954	0.29702352114970954
2998	Solyc07g042520.4	Solyc01g090560.4	0.6648807651760094	0.6648807651760094
3000	Solyc07g042520.4	Solyc11g010710.2	0.37341306319476997	0.37341306319476997
3001	Solyc07g042520.4	Solyc06g083590.4	-0.41708324042623923	0.41708324042623923
3002	Solyc07g042520.4	Solyc02g062950.3	-0.5198012218704096	0.5198012218704096
3005	Solyc07g042520.4	Solyc10g055410.2	0.458260376505615	0.458260376505615
3006	Solyc07g042520.4	Solyc01g008980.3	-0.6591213957170903	0.6591213957170903
3007	Solyc07g042520.4	Solyc05g009880.3	0.23796145643040972	0.23796145643040972
3008	Solyc07g042520.4	Solyc09g008850.3	-0.5254129549207417	0.5254129549207417
3009	Solyc07g042520.4	Solyc03g122030.1	-0.46954224996619914	0.46954224996619914
3010	Solyc07g042520.4	Solyc04g074810.4	0.6991525236462521	0.6991525236462521
3011	Solyc07g042520.4	Solyc12g008690.3	0.6396435374879859	0.6396435374879859
3012	Solyc07g042520.4	Solyc03g113620.3	-0.6137721195852196	0.6137721195852196
3013	Solyc07g042520.4	Solyc09g089870.3	-0.6017962219714328	0.6017962219714328
3014	Solyc07g042520.4	Solyc06g054540.3	-0.35922594317021816	0.35922594317021816
3015	Solyc07g042520.4	Solyc03g026020.3	-0.5543484270681249	0.5543484270681249
3016	Solyc07g042520.4	Solyc01g104900.3	-0.4805779535918744	0.4805779535918744
3017	Solyc07g042520.4	Solyc08g022080.4	-0.630524541766859	0.630524541766859
3018	Solyc07g042520.4	Solyc06g083170.3	0.7665202742861851	0.7665202742861851
3019	Solyc07g042520.4	Solyc04g077480.3	0.7873810770593773	0.7873810770593773
3020	Solyc07g042520.4	Solyc02g087920.3	-0.464006589335131	0.464006589335131
3021	Solyc07g042520.4	Solyc07g047610.3	0.46125245422427913	0.46125245422427913
3023	Solyc07g042520.4	Solyc09g057710.4	0.4203624803693405	0.4203624803693405
3024	Solyc07g042520.4	Solyc03g078120.4	-0.4022245563421404	0.4022245563421404
3025	Solyc07g042520.4	Solyc08g078340.3	-0.4815208201420187	0.4815208201420187
3738	Solyc02g091490.4	Solyc04g077490.3	0.6333691069051914	0.6333691069051914
3739	Solyc02g091490.4	Solyc01g067560.3	-0.5841160359361005	0.5841160359361005
3740	Solyc02g091490.4	Solyc10g080770.3	-0.5208294142661498	0.5208294142661498
3741	Solyc02g091490.4	Solyc02g063430.4	0.8259541776883477	0.8259541776883477
3742	Solyc02g091490.4	Solyc02g076810.4	-0.624351967305837	0.624351967305837
3743	Solyc02g091490.4	Solyc12g005960.3	-0.5508992123986168	0.5508992123986168
3744	Solyc02g091490.4	Solyc02g065350.3	0.4926841805733119	0.4926841805733119
3745	Solyc02g091490.4	Solyc08g005050.4	0.6268921106140961	0.6268921106140961
3746	Solyc02g091490.4	Solyc06g073640.4	0.3537948597970234	0.3537948597970234
3747	Solyc02g091490.4	Solyc02g078130.3	0.5162886765469928	0.5162886765469928
3748	Solyc02g091490.4	Solyc07g026680.2	-0.6746564539122251	0.6746564539122251
3750	Solyc02g091490.4	Solyc08g007170.1	0.4778643350967415	0.4778643350967415
3752	Solyc02g091490.4	Solyc10g055760.2	0.460324737128324	0.460324737128324
3753	Solyc02g091490.4	Solyc08g075090.4	0.4217304704720302	0.4217304704720302
3754	Solyc02g091490.4	Solyc04g078550.3	0.5976034413792128	0.5976034413792128
3755	Solyc02g091490.4	Solyc09g014250.3	0.7016829804065136	0.7016829804065136
3756	Solyc02g091490.4	Solyc09g065820.4	0.3885537987231335	0.3885537987231335
3757	Solyc02g091490.4	Solyc04g078770.4	0.5011724697142627	0.5011724697142627
3758	Solyc02g091490.4	Solyc05g050330.3	-0.595051910030702	0.595051910030702
3759	Solyc02g091490.4	Solyc11g005920.3	-0.6695204120304383	0.6695204120304383
3760	Solyc02g091490.4	Solyc03g123500.4	0.5253137793568827	0.5253137793568827
3761	Solyc02g091490.4	Solyc10g005010.4	0.5417750125139508	0.5417750125139508
3762	Solyc02g091490.4	Solyc05g009460.3	0.6848290529305813	0.6848290529305813
3763	Solyc02g091490.4	Solyc05g052610.3	-0.5241286646887662	0.5241286646887662
3764	Solyc02g091490.4	Solyc06g076770.3	0.16185431923087093	0.16185431923087093
3765	Solyc02g091490.4	Solyc04g007000.2	-0.3935210208630756	0.3935210208630756
3766	Solyc02g091490.4	Solyc07g053590.4	0.6380816157765333	0.6380816157765333
3767	Solyc02g091490.4	Solyc02g092050.3	0.3651476949208074	0.3651476949208074
3768	Solyc02g091490.4	Solyc02g084350.3	0.5725694393741605	0.5725694393741605
3769	Solyc02g091490.4	Solyc06g053610.3	0.18717058277311394	0.18717058277311394
3770	Solyc02g091490.4	Solyc08g079270.3	0.6903944602239738	0.6903944602239738
3772	Solyc02g091490.4	Solyc11g006720.2	-0.32805790872540247	0.32805790872540247
3773	Solyc02g091490.4	Solyc03g096350.3	0.6368841958604663	0.6368841958604663
3774	Solyc02g091490.4	Solyc12g014610.2	-0.49888131925345985	0.49888131925345985
3775	Solyc02g091490.4	Solyc12g098520.2	-0.7087525400820133	0.7087525400820133
3776	Solyc02g091490.4	Solyc04g015500.3	-0.6450195467966477	0.6450195467966477
3777	Solyc02g091490.4	Solyc04g008870.3	0.5597538370792694	0.5597538370792694
3778	Solyc02g091490.4	Solyc11g008000.2	0.4102108661077712	0.4102108661077712
3779	Solyc02g091490.4	Solyc12g096200.2	-0.3871348960560865	0.3871348960560865
3781	Solyc02g091490.4	Solyc01g097330.3	-0.32635049090423296	0.32635049090423296
3782	Solyc02g091490.4	Solyc04g045430.4	-0.7849146189428121	0.7849146189428121
3783	Solyc02g091490.4	Solyc07g062680.3	0.5540461594262563	0.5540461594262563
3784	Solyc02g091490.4	Solyc08g068320.3	0.2378602651251287	0.2378602651251287
3785	Solyc02g091490.4	Solyc05g009230.3	-0.5007509248644972	0.5007509248644972
3786	Solyc02g091490.4	Solyc01g091910.4	0.49627721298329286	0.49627721298329286
3788	Solyc02g091490.4	Solyc04g080740.1	0.416039332288068	0.416039332288068
3789	Solyc02g091490.4	Solyc08g005270.3	-0.6708725899476512	0.6708725899476512
3790	Solyc02g091490.4	Solyc03g095980.3	-0.5199262550901791	0.5199262550901791
3792	Solyc02g091490.4	Solyc01g090340.3	0.4933530231887682	0.4933530231887682
3793	Solyc02g091490.4	Solyc01g109880.3	0.29192403856166055	0.29192403856166055
3794	Solyc02g091490.4	Solyc02g077450.3	-0.6952190906332971	0.6952190906332971
3795	Solyc02g091490.4	Solyc06g071230.3	-0.4502874922976067	0.4502874922976067
3796	Solyc02g091490.4	Solyc07g018010.3	0.6471666810241901	0.6471666810241901
3797	Solyc02g091490.4	Solyc06g071690.3	0.5997550964742353	0.5997550964742353
3798	Solyc02g091490.4	Solyc06g007530.2	0.3725543725511167	0.3725543725511167
3799	Solyc02g091490.4	Solyc01g090560.4	0.751707659612952	0.751707659612952
3801	Solyc02g091490.4	Solyc11g010710.2	0.35202644228412744	0.35202644228412744
3802	Solyc02g091490.4	Solyc06g083590.4	-0.4434312670989837	0.4434312670989837
3803	Solyc02g091490.4	Solyc02g062950.3	-0.6192251694450861	0.6192251694450861
3806	Solyc02g091490.4	Solyc10g055410.2	0.4991247726441154	0.4991247726441154
3807	Solyc02g091490.4	Solyc01g008980.3	-0.770228021447714	0.770228021447714
3808	Solyc02g091490.4	Solyc05g009880.3	0.19117371300537742	0.19117371300537742
3809	Solyc02g091490.4	Solyc09g008850.3	-0.6062152782858632	0.6062152782858632
3810	Solyc02g091490.4	Solyc03g122030.1	-0.6472135582691746	0.6472135582691746
3811	Solyc02g091490.4	Solyc04g074810.4	0.8298671873940133	0.8298671873940133
3812	Solyc02g091490.4	Solyc12g008690.3	0.7623194893228402	0.7623194893228402
3813	Solyc02g091490.4	Solyc03g113620.3	-0.7195145578496066	0.7195145578496066
3814	Solyc02g091490.4	Solyc09g089870.3	-0.6988196141965323	0.6988196141965323
3815	Solyc02g091490.4	Solyc06g054540.3	-0.49272850245806776	0.49272850245806776
3816	Solyc02g091490.4	Solyc03g026020.3	-0.6386615884737792	0.6386615884737792
3817	Solyc02g091490.4	Solyc01g104900.3	-0.5143289622992504	0.5143289622992504
3818	Solyc02g091490.4	Solyc08g022080.4	-0.792145378277555	0.792145378277555
3819	Solyc02g091490.4	Solyc06g083170.3	0.7306328651811279	0.7306328651811279
3820	Solyc02g091490.4	Solyc04g077480.3	0.748516410739906	0.748516410739906
3821	Solyc02g091490.4	Solyc02g087920.3	-0.5291219632058753	0.5291219632058753
3822	Solyc02g091490.4	Solyc07g047610.3	0.619655853123671	0.619655853123671
3824	Solyc02g091490.4	Solyc09g057710.4	0.5723995516972334	0.5723995516972334
3825	Solyc02g091490.4	Solyc03g078120.4	-0.4680147369631443	0.4680147369631443
3826	Solyc02g091490.4	Solyc08g078340.3	-0.5994585716210713	0.5994585716210713
4361	Solyc03g006860.3	Solyc04g077490.3	0.6469684249396082	0.6469684249396082
4362	Solyc03g006860.3	Solyc01g067560.3	-0.6577408661141273	0.6577408661141273
4363	Solyc03g006860.3	Solyc10g080770.3	-0.6276820753366971	0.6276820753366971
4364	Solyc03g006860.3	Solyc02g063430.4	0.8610641319481926	0.8610641319481926
4365	Solyc03g006860.3	Solyc02g076810.4	-0.7555904872998878	0.7555904872998878
4366	Solyc03g006860.3	Solyc12g005960.3	-0.7407542839734758	0.7407542839734758
4367	Solyc03g006860.3	Solyc02g065350.3	0.6410218898243522	0.6410218898243522
4368	Solyc03g006860.3	Solyc08g005050.4	0.6140481360420822	0.6140481360420822
4369	Solyc03g006860.3	Solyc06g073640.4	0.5279315559984057	0.5279315559984057
4370	Solyc03g006860.3	Solyc02g078130.3	0.6226869673200729	0.6226869673200729
4371	Solyc03g006860.3	Solyc07g026680.2	-0.6799515191423312	0.6799515191423312
4373	Solyc03g006860.3	Solyc08g007170.1	0.4901144195258393	0.4901144195258393
4375	Solyc03g006860.3	Solyc10g055760.2	0.5178656617381603	0.5178656617381603
4376	Solyc03g006860.3	Solyc08g075090.4	0.5918761332421738	0.5918761332421738
4377	Solyc03g006860.3	Solyc04g078550.3	0.6494218813517546	0.6494218813517546
4378	Solyc03g006860.3	Solyc09g014250.3	0.7366045905181341	0.7366045905181341
4379	Solyc03g006860.3	Solyc09g065820.4	0.467644069261806	0.467644069261806
4380	Solyc03g006860.3	Solyc04g078770.4	0.6186386655720989	0.6186386655720989
4381	Solyc03g006860.3	Solyc05g050330.3	-0.5946868241174377	0.5946868241174377
4382	Solyc03g006860.3	Solyc11g005920.3	-0.7172967154955204	0.7172967154955204
4383	Solyc03g006860.3	Solyc03g123500.4	0.5764655710647911	0.5764655710647911
4384	Solyc03g006860.3	Solyc10g005010.4	0.5385941795463408	0.5385941795463408
4385	Solyc03g006860.3	Solyc05g009460.3	0.792153364347913	0.792153364347913
4386	Solyc03g006860.3	Solyc05g052610.3	-0.6705381684027881	0.6705381684027881
4387	Solyc03g006860.3	Solyc06g076770.3	0.4022755993659247	0.4022755993659247
4388	Solyc03g006860.3	Solyc04g007000.2	-0.575719775210595	0.575719775210595
4389	Solyc03g006860.3	Solyc07g053590.4	0.5662020509660712	0.5662020509660712
4390	Solyc03g006860.3	Solyc02g092050.3	0.5460278591866815	0.5460278591866815
4391	Solyc03g006860.3	Solyc02g084350.3	0.48497176715515444	0.48497176715515444
4392	Solyc03g006860.3	Solyc06g053610.3	0.3598242484083973	0.3598242484083973
4393	Solyc03g006860.3	Solyc08g079270.3	0.6298587306328214	0.6298587306328214
4395	Solyc03g006860.3	Solyc11g006720.2	-0.6029334778705656	0.6029334778705656
4396	Solyc03g006860.3	Solyc03g096350.3	0.7188222070192937	0.7188222070192937
4397	Solyc03g006860.3	Solyc12g014610.2	-0.6256735379331627	0.6256735379331627
4398	Solyc03g006860.3	Solyc12g098520.2	-0.7867349522815676	0.7867349522815676
4399	Solyc03g006860.3	Solyc04g015500.3	-0.7028147476969834	0.7028147476969834
4400	Solyc03g006860.3	Solyc04g008870.3	0.6123716085711789	0.6123716085711789
4401	Solyc03g006860.3	Solyc11g008000.2	0.5560983849630525	0.5560983849630525
4402	Solyc03g006860.3	Solyc12g096200.2	-0.4617992021902494	0.4617992021902494
4404	Solyc03g006860.3	Solyc01g097330.3	-0.519199077272031	0.519199077272031
4405	Solyc03g006860.3	Solyc04g045430.4	-0.783935415398078	0.783935415398078
4406	Solyc03g006860.3	Solyc07g062680.3	0.6579115970827991	0.6579115970827991
4407	Solyc03g006860.3	Solyc08g068320.3	0.4468931494763928	0.4468931494763928
4408	Solyc03g006860.3	Solyc05g009230.3	-0.5530815881840414	0.5530815881840414
4409	Solyc03g006860.3	Solyc01g091910.4	0.5673430227111032	0.5673430227111032
4411	Solyc03g006860.3	Solyc04g080740.1	0.6562350020478663	0.6562350020478663
4412	Solyc03g006860.3	Solyc08g005270.3	-0.8042640324860253	0.8042640324860253
4413	Solyc03g006860.3	Solyc03g095980.3	-0.543469092867478	0.543469092867478
4415	Solyc03g006860.3	Solyc01g090340.3	0.5753444003834398	0.5753444003834398
4416	Solyc03g006860.3	Solyc01g109880.3	0.5586085888568443	0.5586085888568443
4417	Solyc03g006860.3	Solyc02g077450.3	-0.7581919948551455	0.7581919948551455
4418	Solyc03g006860.3	Solyc06g071230.3	-0.7307370834330662	0.7307370834330662
4419	Solyc03g006860.3	Solyc07g018010.3	0.6392764482691999	0.6392764482691999
4420	Solyc03g006860.3	Solyc06g071690.3	0.5325149719382278	0.5325149719382278
4421	Solyc03g006860.3	Solyc06g007530.2	0.5716222412853071	0.5716222412853071
4422	Solyc03g006860.3	Solyc01g090560.4	0.7881825928007075	0.7881825928007075
4424	Solyc03g006860.3	Solyc11g010710.2	0.45566081575460826	0.45566081575460826
4425	Solyc03g006860.3	Solyc06g083590.4	-0.461246074835468	0.461246074835468
4426	Solyc03g006860.3	Solyc02g062950.3	-0.7055639251101673	0.7055639251101673
4429	Solyc03g006860.3	Solyc10g055410.2	0.5677082458084571	0.5677082458084571
4430	Solyc03g006860.3	Solyc01g008980.3	-0.7421486229359967	0.7421486229359967
4431	Solyc03g006860.3	Solyc05g009880.3	0.34000029952990424	0.34000029952990424
4432	Solyc03g006860.3	Solyc09g008850.3	-0.6751901508677622	0.6751901508677622
4433	Solyc03g006860.3	Solyc03g122030.1	-0.7096924051807509	0.7096924051807509
4434	Solyc03g006860.3	Solyc04g074810.4	0.7763620423007018	0.7763620423007018
4435	Solyc03g006860.3	Solyc12g008690.3	0.8516825862084191	0.8516825862084191
4436	Solyc03g006860.3	Solyc03g113620.3	-0.7732566362547215	0.7732566362547215
4437	Solyc03g006860.3	Solyc09g089870.3	-0.7582416676731183	0.7582416676731183
4438	Solyc03g006860.3	Solyc06g054540.3	-0.7350385801416184	0.7350385801416184
4439	Solyc03g006860.3	Solyc03g026020.3	-0.7396707327387464	0.7396707327387464
4440	Solyc03g006860.3	Solyc01g104900.3	-0.5832805958541515	0.5832805958541515
4441	Solyc03g006860.3	Solyc08g022080.4	-0.7732349751102	0.7732349751102
4442	Solyc03g006860.3	Solyc06g083170.3	0.6881689005353955	0.6881689005353955
4443	Solyc03g006860.3	Solyc04g077480.3	0.7598074864080708	0.7598074864080708
4444	Solyc03g006860.3	Solyc02g087920.3	-0.5818197349478217	0.5818197349478217
4445	Solyc03g006860.3	Solyc07g047610.3	0.778900296262099	0.778900296262099
4447	Solyc03g006860.3	Solyc09g057710.4	0.7436067847906133	0.7436067847906133
4448	Solyc03g006860.3	Solyc03g078120.4	-0.5540207282701588	0.5540207282701588
4449	Solyc03g006860.3	Solyc08g078340.3	-0.7686116627746501	0.7686116627746501
4717	Solyc11g065220.2	Solyc04g077490.3	-0.1716695842946135	0.1716695842946135
4718	Solyc11g065220.2	Solyc01g067560.3	0.29690057999590663	0.29690057999590663
4719	Solyc11g065220.2	Solyc10g080770.3	0.3810147236036883	0.3810147236036883
4720	Solyc11g065220.2	Solyc02g063430.4	-0.14725007717506006	0.14725007717506006
4721	Solyc11g065220.2	Solyc02g076810.4	0.4256968177571578	0.4256968177571578
4722	Solyc11g065220.2	Solyc12g005960.3	0.34893939634860893	0.34893939634860893
4723	Solyc11g065220.2	Solyc02g065350.3	-0.3680186969669351	0.3680186969669351
4724	Solyc11g065220.2	Solyc08g005050.4	-0.0902164226490899	0.0902164226490899
4725	Solyc11g065220.2	Solyc06g073640.4	-0.3681551740384563	0.3681551740384563
4726	Solyc11g065220.2	Solyc02g078130.3	-0.14967142043498505	0.14967142043498505
4727	Solyc11g065220.2	Solyc07g026680.2	0.26423327506417515	0.26423327506417515
4729	Solyc11g065220.2	Solyc08g007170.1	-0.1832829461182814	0.1832829461182814
4731	Solyc11g065220.2	Solyc10g055760.2	-0.1131189813430455	0.1131189813430455
4732	Solyc11g065220.2	Solyc08g075090.4	-0.45385815976734806	0.45385815976734806
4733	Solyc11g065220.2	Solyc04g078550.3	-0.28275706250036986	0.28275706250036986
4734	Solyc11g065220.2	Solyc09g014250.3	-0.16348233155700678	0.16348233155700678
4735	Solyc11g065220.2	Solyc09g065820.4	-0.33861062383442586	0.33861062383442586
4736	Solyc11g065220.2	Solyc04g078770.4	-0.3846186290773775	0.3846186290773775
4737	Solyc11g065220.2	Solyc05g050330.3	0.19369919272413005	0.19369919272413005
4738	Solyc11g065220.2	Solyc11g005920.3	0.29332775778586706	0.29332775778586706
4739	Solyc11g065220.2	Solyc03g123500.4	-0.28374698197250814	0.28374698197250814
4740	Solyc11g065220.2	Solyc10g005010.4	-0.2649705622777919	0.2649705622777919
4741	Solyc11g065220.2	Solyc05g009460.3	-0.05588391845725333	0.05588391845725333
4742	Solyc11g065220.2	Solyc05g052610.3	0.5416370759126923	0.5416370759126923
4743	Solyc11g065220.2	Solyc06g076770.3	-0.44068557976828193	0.44068557976828193
4744	Solyc11g065220.2	Solyc04g007000.2	0.5747175825261347	0.5747175825261347
4745	Solyc11g065220.2	Solyc07g053590.4	-0.23240637893895785	0.23240637893895785
4746	Solyc11g065220.2	Solyc02g092050.3	-0.37723070790800844	0.37723070790800844
4747	Solyc11g065220.2	Solyc02g084350.3	-0.11951140977661873	0.11951140977661873
4748	Solyc11g065220.2	Solyc06g053610.3	-0.4064556452917144	0.4064556452917144
4749	Solyc11g065220.2	Solyc08g079270.3	-0.13586622332384007	0.13586622332384007
4751	Solyc11g065220.2	Solyc11g006720.2	0.36538082700185365	0.36538082700185365
4752	Solyc11g065220.2	Solyc03g096350.3	-0.18415942718744818	0.18415942718744818
4753	Solyc11g065220.2	Solyc12g014610.2	0.46677157471643643	0.46677157471643643
4754	Solyc11g065220.2	Solyc12g098520.2	0.28974649595558327	0.28974649595558327
4755	Solyc11g065220.2	Solyc04g015500.3	0.3847189707317575	0.3847189707317575
4756	Solyc11g065220.2	Solyc04g008870.3	-0.1083793621522291	0.1083793621522291
4757	Solyc11g065220.2	Solyc11g008000.2	-0.4096556373779307	0.4096556373779307
4758	Solyc11g065220.2	Solyc12g096200.2	0.4134210953411444	0.4134210953411444
4760	Solyc11g065220.2	Solyc01g097330.3	0.3425671870083282	0.3425671870083282
4761	Solyc11g065220.2	Solyc04g045430.4	0.14490543415622503	0.14490543415622503
4762	Solyc11g065220.2	Solyc07g062680.3	-0.1378047260328824	0.1378047260328824
4763	Solyc11g065220.2	Solyc08g068320.3	-0.4940623916873796	0.4940623916873796
4764	Solyc11g065220.2	Solyc05g009230.3	0.41548343088084677	0.41548343088084677
4765	Solyc11g065220.2	Solyc01g091910.4	-0.08470657359429694	0.08470657359429694
4767	Solyc11g065220.2	Solyc04g080740.1	-0.37141041334207014	0.37141041334207014
4768	Solyc11g065220.2	Solyc08g005270.3	0.38365063566574775	0.38365063566574775
4769	Solyc11g065220.2	Solyc03g095980.3	-0.026184701727266266	0.026184701727266266
4771	Solyc11g065220.2	Solyc01g090340.3	-0.17127393483254724	0.17127393483254724
4772	Solyc11g065220.2	Solyc01g109880.3	-0.4033929503288831	0.4033929503288831
4773	Solyc11g065220.2	Solyc02g077450.3	0.2113958575739476	0.2113958575739476
4774	Solyc11g065220.2	Solyc06g071230.3	0.29576923277818506	0.29576923277818506
4775	Solyc11g065220.2	Solyc07g018010.3	0.028599072225791444	0.028599072225791444
4776	Solyc11g065220.2	Solyc06g071690.3	-0.22260949564054297	0.22260949564054297
4777	Solyc11g065220.2	Solyc06g007530.2	-0.49260005937690016	0.49260005937690016
4778	Solyc11g065220.2	Solyc01g090560.4	-0.1267329129304798	0.1267329129304798
4780	Solyc11g065220.2	Solyc11g010710.2	-0.2779636485003976	0.2779636485003976
4781	Solyc11g065220.2	Solyc06g083590.4	0.3112272313065311	0.3112272313065311
4782	Solyc11g065220.2	Solyc02g062950.3	0.486979896341533	0.486979896341533
4785	Solyc11g065220.2	Solyc10g055410.2	-0.3435369088831569	0.3435369088831569
4786	Solyc11g065220.2	Solyc01g008980.3	0.22825225995456722	0.22825225995456722
4787	Solyc11g065220.2	Solyc05g009880.3	-0.48517902933109835	0.48517902933109835
4788	Solyc11g065220.2	Solyc09g008850.3	0.36819521480922807	0.36819521480922807
4789	Solyc11g065220.2	Solyc03g122030.1	0.3056527562601622	0.3056527562601622
4790	Solyc11g065220.2	Solyc04g074810.4	-0.15446157291765755	0.15446157291765755
4791	Solyc11g065220.2	Solyc12g008690.3	-0.37566376264017953	0.37566376264017953
4792	Solyc11g065220.2	Solyc03g113620.3	0.2190088946955975	0.2190088946955975
4793	Solyc11g065220.2	Solyc09g089870.3	0.20575884086888993	0.20575884086888993
4794	Solyc11g065220.2	Solyc06g054540.3	0.4538981409457091	0.4538981409457091
4795	Solyc11g065220.2	Solyc03g026020.3	0.42019432569678516	0.42019432569678516
4796	Solyc11g065220.2	Solyc01g104900.3	0.36272042771252017	0.36272042771252017
4797	Solyc11g065220.2	Solyc08g022080.4	0.11227622266157863	0.11227622266157863
4798	Solyc11g065220.2	Solyc06g083170.3	-0.06823897917237831	0.06823897917237831
4799	Solyc11g065220.2	Solyc04g077480.3	0.06048983570956307	0.06048983570956307
4800	Solyc11g065220.2	Solyc02g087920.3	0.26534804335988504	0.26534804335988504
4801	Solyc11g065220.2	Solyc07g047610.3	-0.27455666477617136	0.27455666477617136
4803	Solyc11g065220.2	Solyc09g057710.4	-0.16502821079773278	0.16502821079773278
4804	Solyc11g065220.2	Solyc03g078120.4	0.4721631421089585	0.4721631421089585
4805	Solyc11g065220.2	Solyc08g078340.3	0.2481136032284045	0.2481136032284045
5518	Solyc09g011850.4	Solyc04g077490.3	0.31024526726769164	0.31024526726769164
5519	Solyc09g011850.4	Solyc01g067560.3	-0.35649889321693196	0.35649889321693196
5520	Solyc09g011850.4	Solyc10g080770.3	-0.2843900429688383	0.2843900429688383
5521	Solyc09g011850.4	Solyc02g063430.4	0.42372442721665604	0.42372442721665604
5522	Solyc09g011850.4	Solyc02g076810.4	-0.40943550975900384	0.40943550975900384
5523	Solyc09g011850.4	Solyc12g005960.3	-0.41205733577814657	0.41205733577814657
5524	Solyc09g011850.4	Solyc02g065350.3	0.5259266921437632	0.5259266921437632
5525	Solyc09g011850.4	Solyc08g005050.4	0.4148906952413214	0.4148906952413214
5526	Solyc09g011850.4	Solyc06g073640.4	0.4116628076244848	0.4116628076244848
5527	Solyc09g011850.4	Solyc02g078130.3	0.16694488414110514	0.16694488414110514
5528	Solyc09g011850.4	Solyc07g026680.2	-0.3499490003560835	0.3499490003560835
5530	Solyc09g011850.4	Solyc08g007170.1	0.533652992268963	0.533652992268963
5532	Solyc09g011850.4	Solyc10g055760.2	0.153318489744829	0.153318489744829
5533	Solyc09g011850.4	Solyc08g075090.4	0.5606116071668361	0.5606116071668361
5534	Solyc09g011850.4	Solyc04g078550.3	0.2872158100619563	0.2872158100619563
5535	Solyc09g011850.4	Solyc09g014250.3	0.4883008922390655	0.4883008922390655
5536	Solyc09g011850.4	Solyc09g065820.4	0.1023842980659574	0.1023842980659574
5537	Solyc09g011850.4	Solyc04g078770.4	0.3523909192012881	0.3523909192012881
5538	Solyc09g011850.4	Solyc05g050330.3	-0.30438403605186687	0.30438403605186687
5539	Solyc09g011850.4	Solyc11g005920.3	-0.3677640662851655	0.3677640662851655
5540	Solyc09g011850.4	Solyc03g123500.4	0.41452804135160015	0.41452804135160015
5541	Solyc09g011850.4	Solyc10g005010.4	0.3351313010592025	0.3351313010592025
5542	Solyc09g011850.4	Solyc05g009460.3	0.5380349800504991	0.5380349800504991
5543	Solyc09g011850.4	Solyc05g052610.3	-0.3465263833972859	0.3465263833972859
5544	Solyc09g011850.4	Solyc06g076770.3	0.3343298310042846	0.3343298310042846
5545	Solyc09g011850.4	Solyc04g007000.2	-0.24083096948382265	0.24083096948382265
5546	Solyc09g011850.4	Solyc07g053590.4	0.18731720533975052	0.18731720533975052
5547	Solyc09g011850.4	Solyc02g092050.3	0.2430193223520821	0.2430193223520821
5548	Solyc09g011850.4	Solyc02g084350.3	0.24416053300144389	0.24416053300144389
5549	Solyc09g011850.4	Solyc06g053610.3	0.4072355419145777	0.4072355419145777
5550	Solyc09g011850.4	Solyc08g079270.3	0.2585836304563372	0.2585836304563372
5552	Solyc09g011850.4	Solyc11g006720.2	-0.4412599983812654	0.4412599983812654
5553	Solyc09g011850.4	Solyc03g096350.3	0.5381753566250177	0.5381753566250177
5554	Solyc09g011850.4	Solyc12g014610.2	-0.37208008879165433	0.37208008879165433
5555	Solyc09g011850.4	Solyc12g098520.2	-0.4357019354518913	0.4357019354518913
5556	Solyc09g011850.4	Solyc04g015500.3	-0.3679231244383512	0.3679231244383512
5557	Solyc09g011850.4	Solyc04g008870.3	0.7046571332235315	0.7046571332235315
5558	Solyc09g011850.4	Solyc11g008000.2	0.38117620343512737	0.38117620343512737
5559	Solyc09g011850.4	Solyc12g096200.2	-0.18538685979532832	0.18538685979532832
5561	Solyc09g011850.4	Solyc01g097330.3	-0.2569217529880732	0.2569217529880732
5562	Solyc09g011850.4	Solyc04g045430.4	-0.2584481159955972	0.2584481159955972
5563	Solyc09g011850.4	Solyc07g062680.3	0.30513229448486223	0.30513229448486223
5564	Solyc09g011850.4	Solyc08g068320.3	0.13963995236950125	0.13963995236950125
5565	Solyc09g011850.4	Solyc05g009230.3	-0.2578524641573731	0.2578524641573731
5566	Solyc09g011850.4	Solyc01g091910.4	0.24724576753168698	0.24724576753168698
5568	Solyc09g011850.4	Solyc04g080740.1	0.5002200839039894	0.5002200839039894
5569	Solyc09g011850.4	Solyc08g005270.3	-0.4869944182380466	0.4869944182380466
5570	Solyc09g011850.4	Solyc03g095980.3	-0.46690906814537286	0.46690906814537286
5572	Solyc09g011850.4	Solyc01g090340.3	0.0023169371509023937	0.0023169371509023937
5573	Solyc09g011850.4	Solyc01g109880.3	0.2354668889645265	0.2354668889645265
5574	Solyc09g011850.4	Solyc02g077450.3	-0.4370303856595155	0.4370303856595155
5575	Solyc09g011850.4	Solyc06g071230.3	-0.5476322080718138	0.5476322080718138
5576	Solyc09g011850.4	Solyc07g018010.3	0.17172815049679752	0.17172815049679752
5577	Solyc09g011850.4	Solyc06g071690.3	0.35708044595332217	0.35708044595332217
5578	Solyc09g011850.4	Solyc06g007530.2	0.21795164692370356	0.21795164692370356
5579	Solyc09g011850.4	Solyc01g090560.4	0.5158918561892305	0.5158918561892305
5581	Solyc09g011850.4	Solyc11g010710.2	0.38411851712484363	0.38411851712484363
5582	Solyc09g011850.4	Solyc06g083590.4	-0.1657823764638736	0.1657823764638736
5583	Solyc09g011850.4	Solyc02g062950.3	-0.35708495029432036	0.35708495029432036
5586	Solyc09g011850.4	Solyc10g055410.2	0.32147421702981155	0.32147421702981155
5587	Solyc09g011850.4	Solyc01g008980.3	-0.36875002141322966	0.36875002141322966
5588	Solyc09g011850.4	Solyc05g009880.3	0.1341769742524357	0.1341769742524357
5589	Solyc09g011850.4	Solyc09g008850.3	-0.24073481232224586	0.24073481232224586
5590	Solyc09g011850.4	Solyc03g122030.1	-0.3427867458185652	0.3427867458185652
5591	Solyc09g011850.4	Solyc04g074810.4	0.4590772140977406	0.4590772140977406
5592	Solyc09g011850.4	Solyc12g008690.3	0.4552583189365659	0.4552583189365659
5593	Solyc09g011850.4	Solyc03g113620.3	-0.5805572137487461	0.5805572137487461
5594	Solyc09g011850.4	Solyc09g089870.3	-0.3983400807257464	0.3983400807257464
5595	Solyc09g011850.4	Solyc06g054540.3	-0.43355158791628484	0.43355158791628484
5596	Solyc09g011850.4	Solyc03g026020.3	-0.3408561086739092	0.3408561086739092
5597	Solyc09g011850.4	Solyc01g104900.3	-0.22557621421410748	0.22557621421410748
5598	Solyc09g011850.4	Solyc08g022080.4	-0.4577706569302416	0.4577706569302416
5599	Solyc09g011850.4	Solyc06g083170.3	0.547790705359044	0.547790705359044
5600	Solyc09g011850.4	Solyc04g077480.3	0.36255484223474765	0.36255484223474765
5601	Solyc09g011850.4	Solyc02g087920.3	-0.2463281183431513	0.2463281183431513
5602	Solyc09g011850.4	Solyc07g047610.3	0.6377450069738066	0.6377450069738066
5604	Solyc09g011850.4	Solyc09g057710.4	0.341212928776094	0.341212928776094
5605	Solyc09g011850.4	Solyc03g078120.4	-0.28745481645986304	0.28745481645986304
5606	Solyc09g011850.4	Solyc08g078340.3	-0.42539912405379604	0.42539912405379604
5874	Solyc04g081400.3	Solyc04g077490.3	0.6828191239893935	0.6828191239893935
5875	Solyc04g081400.3	Solyc01g067560.3	-0.6464236154837267	0.6464236154837267
5876	Solyc04g081400.3	Solyc10g080770.3	-0.671714680242513	0.671714680242513
5877	Solyc04g081400.3	Solyc02g063430.4	0.7514051096537687	0.7514051096537687
5878	Solyc04g081400.3	Solyc02g076810.4	-0.6830099971800306	0.6830099971800306
5879	Solyc04g081400.3	Solyc12g005960.3	-0.6597854105543687	0.6597854105543687
5880	Solyc04g081400.3	Solyc02g065350.3	0.4672217386315359	0.4672217386315359
5881	Solyc04g081400.3	Solyc08g005050.4	0.4395487948914151	0.4395487948914151
5882	Solyc04g081400.3	Solyc06g073640.4	0.35260879880434326	0.35260879880434326
5883	Solyc04g081400.3	Solyc02g078130.3	0.5227866601349426	0.5227866601349426
5884	Solyc04g081400.3	Solyc07g026680.2	-0.7494819153402956	0.7494819153402956
5886	Solyc04g081400.3	Solyc08g007170.1	0.3819032129785103	0.3819032129785103
5888	Solyc04g081400.3	Solyc10g055760.2	0.3721591440614518	0.3721591440614518
5889	Solyc04g081400.3	Solyc08g075090.4	0.4537316889106213	0.4537316889106213
5890	Solyc04g081400.3	Solyc04g078550.3	0.6422695548502163	0.6422695548502163
5891	Solyc04g081400.3	Solyc09g014250.3	0.6351179261969887	0.6351179261969887
5892	Solyc04g081400.3	Solyc09g065820.4	0.5652083631027438	0.5652083631027438
5893	Solyc04g081400.3	Solyc04g078770.4	0.5672837727503985	0.5672837727503985
5894	Solyc04g081400.3	Solyc05g050330.3	-0.6083383637258228	0.6083383637258228
5895	Solyc04g081400.3	Solyc11g005920.3	-0.7466832623083968	0.7466832623083968
5896	Solyc04g081400.3	Solyc03g123500.4	0.42332899422868536	0.42332899422868536
5897	Solyc04g081400.3	Solyc10g005010.4	0.3983964742634922	0.3983964742634922
5898	Solyc04g081400.3	Solyc05g009460.3	0.5761756022204121	0.5761756022204121
5899	Solyc04g081400.3	Solyc05g052610.3	-0.676283239978718	0.676283239978718
5900	Solyc04g081400.3	Solyc06g076770.3	0.22653680042770097	0.22653680042770097
5901	Solyc04g081400.3	Solyc04g007000.2	-0.6095317813007121	0.6095317813007121
5902	Solyc04g081400.3	Solyc07g053590.4	0.5767221254437873	0.5767221254437873
5903	Solyc04g081400.3	Solyc02g092050.3	0.5757487313964823	0.5757487313964823
5904	Solyc04g081400.3	Solyc02g084350.3	0.41543902656887427	0.41543902656887427
5905	Solyc04g081400.3	Solyc06g053610.3	0.16525033033765127	0.16525033033765127
5906	Solyc04g081400.3	Solyc08g079270.3	0.5638834084177958	0.5638834084177958
5908	Solyc04g081400.3	Solyc11g006720.2	-0.4554087969403427	0.4554087969403427
5909	Solyc04g081400.3	Solyc03g096350.3	0.5219526030986492	0.5219526030986492
5910	Solyc04g081400.3	Solyc12g014610.2	-0.6337170935067501	0.6337170935067501
5911	Solyc04g081400.3	Solyc12g098520.2	-0.7537236057359885	0.7537236057359885
5912	Solyc04g081400.3	Solyc04g015500.3	-0.7091259741137875	0.7091259741137875
5913	Solyc04g081400.3	Solyc04g008870.3	0.30436430724792596	0.30436430724792596
5914	Solyc04g081400.3	Solyc11g008000.2	0.378951840594782	0.378951840594782
5915	Solyc04g081400.3	Solyc12g096200.2	-0.5223293719372845	0.5223293719372845
5917	Solyc04g081400.3	Solyc01g097330.3	-0.46207962333453206	0.46207962333453206
5918	Solyc04g081400.3	Solyc04g045430.4	-0.7728216537760375	0.7728216537760375
5919	Solyc04g081400.3	Solyc07g062680.3	0.5150809219377563	0.5150809219377563
5920	Solyc04g081400.3	Solyc08g068320.3	0.43131846272280844	0.43131846272280844
5921	Solyc04g081400.3	Solyc05g009230.3	-0.6415530471524786	0.6415530471524786
5922	Solyc04g081400.3	Solyc01g091910.4	0.422603629969266	0.422603629969266
5924	Solyc04g081400.3	Solyc04g080740.1	0.40858462875127993	0.40858462875127993
5925	Solyc04g081400.3	Solyc08g005270.3	-0.7518750435822197	0.7518750435822197
5926	Solyc04g081400.3	Solyc03g095980.3	-0.44255196508062083	0.44255196508062083
5928	Solyc04g081400.3	Solyc01g090340.3	0.532363643414888	0.532363643414888
5929	Solyc04g081400.3	Solyc01g109880.3	0.43497772230436654	0.43497772230436654
5930	Solyc04g081400.3	Solyc02g077450.3	-0.7221998309272812	0.7221998309272812
5931	Solyc04g081400.3	Solyc06g071230.3	-0.46059563782884144	0.46059563782884144
5932	Solyc04g081400.3	Solyc07g018010.3	0.5842783660354243	0.5842783660354243
5933	Solyc04g081400.3	Solyc06g071690.3	0.4378011165276674	0.4378011165276674
5934	Solyc04g081400.3	Solyc06g007530.2	0.5724887403778456	0.5724887403778456
5935	Solyc04g081400.3	Solyc01g090560.4	0.5628532171430196	0.5628532171430196
5937	Solyc04g081400.3	Solyc11g010710.2	0.27791869367765243	0.27791869367765243
5938	Solyc04g081400.3	Solyc06g083590.4	-0.5308230052232906	0.5308230052232906
5939	Solyc04g081400.3	Solyc02g062950.3	-0.7248731546208987	0.7248731546208987
5942	Solyc04g081400.3	Solyc10g055410.2	0.46330117276969635	0.46330117276969635
5943	Solyc04g081400.3	Solyc01g008980.3	-0.7676596666072859	0.7676596666072859
5944	Solyc04g081400.3	Solyc05g009880.3	0.36643701779932947	0.36643701779932947
5945	Solyc04g081400.3	Solyc09g008850.3	-0.699558398942652	0.699558398942652
5946	Solyc04g081400.3	Solyc03g122030.1	-0.7342115840886256	0.7342115840886256
5947	Solyc04g081400.3	Solyc04g074810.4	0.703469549491334	0.703469549491334
5948	Solyc04g081400.3	Solyc12g008690.3	0.792924398601371	0.792924398601371
5949	Solyc04g081400.3	Solyc03g113620.3	-0.6739707946940108	0.6739707946940108
5950	Solyc04g081400.3	Solyc09g089870.3	-0.7179722132443647	0.7179722132443647
5951	Solyc04g081400.3	Solyc06g054540.3	-0.6375876717323187	0.6375876717323187
5952	Solyc04g081400.3	Solyc03g026020.3	-0.7607124264884576	0.7607124264884576
5953	Solyc04g081400.3	Solyc01g104900.3	-0.668381291061866	0.668381291061866
5954	Solyc04g081400.3	Solyc08g022080.4	-0.776666076773439	0.776666076773439
5955	Solyc04g081400.3	Solyc06g083170.3	0.5291655443787393	0.5291655443787393
5956	Solyc04g081400.3	Solyc04g077480.3	0.653477582251905	0.653477582251905
5957	Solyc04g081400.3	Solyc02g087920.3	-0.6257887841053246	0.6257887841053246
5958	Solyc04g081400.3	Solyc07g047610.3	0.6707331400262736	0.6707331400262736
5960	Solyc04g081400.3	Solyc09g057710.4	0.6964474862359472	0.6964474862359472
5961	Solyc04g081400.3	Solyc03g078120.4	-0.6525549680344453	0.6525549680344453
5962	Solyc04g081400.3	Solyc08g078340.3	-0.6640672528320205	0.6640672528320205
5963	Solyc03g121070.3	Solyc04g077490.3	0.6244389049064692	0.6244389049064692
5964	Solyc03g121070.3	Solyc01g067560.3	-0.631762096508915	0.631762096508915
5965	Solyc03g121070.3	Solyc10g080770.3	-0.6583434790323587	0.6583434790323587
5966	Solyc03g121070.3	Solyc02g063430.4	0.6256659044092768	0.6256659044092768
5967	Solyc03g121070.3	Solyc02g076810.4	-0.5907292764440883	0.5907292764440883
5968	Solyc03g121070.3	Solyc12g005960.3	-0.5017543831923478	0.5017543831923478
5969	Solyc03g121070.3	Solyc02g065350.3	0.7230717974499679	0.7230717974499679
5970	Solyc03g121070.3	Solyc08g005050.4	0.519074932154064	0.519074932154064
5971	Solyc03g121070.3	Solyc06g073640.4	0.5184372156381345	0.5184372156381345
5972	Solyc03g121070.3	Solyc02g078130.3	0.4564469286595225	0.4564469286595225
5973	Solyc03g121070.3	Solyc07g026680.2	-0.5361988856307087	0.5361988856307087
5975	Solyc03g121070.3	Solyc08g007170.1	0.45463664875601206	0.45463664875601206
5977	Solyc03g121070.3	Solyc10g055760.2	0.5490325262736802	0.5490325262736802
5978	Solyc03g121070.3	Solyc08g075090.4	0.7623125777434496	0.7623125777434496
5979	Solyc03g121070.3	Solyc04g078550.3	0.6995197222049417	0.6995197222049417
5980	Solyc03g121070.3	Solyc09g014250.3	0.3256783188551824	0.3256783188551824
5981	Solyc03g121070.3	Solyc09g065820.4	0.5729083401020105	0.5729083401020105
5982	Solyc03g121070.3	Solyc04g078770.4	0.6932846593804386	0.6932846593804386
5983	Solyc03g121070.3	Solyc05g050330.3	-0.49153752852539195	0.49153752852539195
5984	Solyc03g121070.3	Solyc11g005920.3	-0.4509802184704839	0.4509802184704839
5985	Solyc03g121070.3	Solyc03g123500.4	0.7631310963345589	0.7631310963345589
5986	Solyc03g121070.3	Solyc10g005010.4	0.4311717744337904	0.4311717744337904
5987	Solyc03g121070.3	Solyc05g009460.3	0.4057266624590615	0.4057266624590615
5988	Solyc03g121070.3	Solyc05g052610.3	-0.8131699399445539	0.8131699399445539
5989	Solyc03g121070.3	Solyc06g076770.3	0.5371631761292557	0.5371631761292557
5990	Solyc03g121070.3	Solyc04g007000.2	-0.5218724171547858	0.5218724171547858
5991	Solyc03g121070.3	Solyc07g053590.4	0.4569179192795791	0.4569179192795791
5992	Solyc03g121070.3	Solyc02g092050.3	0.7574003177620359	0.7574003177620359
5993	Solyc03g121070.3	Solyc02g084350.3	0.34157592947590604	0.34157592947590604
5994	Solyc03g121070.3	Solyc06g053610.3	0.670176734239678	0.670176734239678
5995	Solyc03g121070.3	Solyc08g079270.3	0.41262087575218964	0.41262087575218964
5997	Solyc03g121070.3	Solyc11g006720.2	-0.4572766487306418	0.4572766487306418
5998	Solyc03g121070.3	Solyc03g096350.3	0.4271128501339981	0.4271128501339981
5999	Solyc03g121070.3	Solyc12g014610.2	-0.6458171585892459	0.6458171585892459
6000	Solyc03g121070.3	Solyc12g098520.2	-0.6826192490386822	0.6826192490386822
6001	Solyc03g121070.3	Solyc04g015500.3	-0.5987035059172194	0.5987035059172194
6002	Solyc03g121070.3	Solyc04g008870.3	0.5553887183150963	0.5553887183150963
6003	Solyc03g121070.3	Solyc11g008000.2	0.659612651202026	0.659612651202026
6004	Solyc03g121070.3	Solyc12g096200.2	-0.47329883296876274	0.47329883296876274
6006	Solyc03g121070.3	Solyc01g097330.3	-0.41959322395169424	0.41959322395169424
6007	Solyc03g121070.3	Solyc04g045430.4	-0.5107772299322166	0.5107772299322166
6008	Solyc03g121070.3	Solyc07g062680.3	0.5801433236247777	0.5801433236247777
6009	Solyc03g121070.3	Solyc08g068320.3	0.7864191592369201	0.7864191592369201
6010	Solyc03g121070.3	Solyc05g009230.3	-0.6518175003837353	0.6518175003837353
6011	Solyc03g121070.3	Solyc01g091910.4	0.6082332621298593	0.6082332621298593
6013	Solyc03g121070.3	Solyc04g080740.1	0.47197667313055053	0.47197667313055053
6014	Solyc03g121070.3	Solyc08g005270.3	-0.6877896486807156	0.6877896486807156
6015	Solyc03g121070.3	Solyc03g095980.3	-0.208621107304682	0.208621107304682
6017	Solyc03g121070.3	Solyc01g090340.3	0.14969384909120415	0.14969384909120415
6018	Solyc03g121070.3	Solyc01g109880.3	0.3462006438599498	0.3462006438599498
6019	Solyc03g121070.3	Solyc02g077450.3	-0.3867728293958541	0.3867728293958541
6020	Solyc03g121070.3	Solyc06g071230.3	-0.5907457149984281	0.5907457149984281
6021	Solyc03g121070.3	Solyc07g018010.3	0.37546532081332207	0.37546532081332207
6022	Solyc03g121070.3	Solyc06g071690.3	0.5015493259633617	0.5015493259633617
6023	Solyc03g121070.3	Solyc06g007530.2	0.6720017091658514	0.6720017091658514
6024	Solyc03g121070.3	Solyc01g090560.4	0.44042576795374977	0.44042576795374977
6026	Solyc03g121070.3	Solyc11g010710.2	0.7248477916573689	0.7248477916573689
6027	Solyc03g121070.3	Solyc06g083590.4	-0.31668309379871334	0.31668309379871334
6028	Solyc03g121070.3	Solyc02g062950.3	-0.6823359471971929	0.6823359471971929
6031	Solyc03g121070.3	Solyc10g055410.2	0.3918525597778119	0.3918525597778119
6032	Solyc03g121070.3	Solyc01g008980.3	-0.6178102969823975	0.6178102969823975
6033	Solyc03g121070.3	Solyc05g009880.3	0.5468494934723758	0.5468494934723758
6034	Solyc03g121070.3	Solyc09g008850.3	-0.6515188329039485	0.6515188329039485
6035	Solyc03g121070.3	Solyc03g122030.1	-0.4218630597415108	0.4218630597415108
6036	Solyc03g121070.3	Solyc04g074810.4	0.5150588530702341	0.5150588530702341
6037	Solyc03g121070.3	Solyc12g008690.3	0.7168495979744716	0.7168495979744716
6038	Solyc03g121070.3	Solyc03g113620.3	-0.6448877805535742	0.6448877805535742
6039	Solyc03g121070.3	Solyc09g089870.3	-0.44430212741790087	0.44430212741790087
6040	Solyc03g121070.3	Solyc06g054540.3	-0.6037395603559521	0.6037395603559521
6041	Solyc03g121070.3	Solyc03g026020.3	-0.7193130514441012	0.7193130514441012
6042	Solyc03g121070.3	Solyc01g104900.3	-0.5865975549618476	0.5865975549618476
6043	Solyc03g121070.3	Solyc08g022080.4	-0.5752666150311613	0.5752666150311613
6044	Solyc03g121070.3	Solyc06g083170.3	0.5214078427979021	0.5214078427979021
6045	Solyc03g121070.3	Solyc04g077480.3	0.5945339897508418	0.5945339897508418
6046	Solyc03g121070.3	Solyc02g087920.3	-0.5567555973849675	0.5567555973849675
6047	Solyc03g121070.3	Solyc07g047610.3	0.5210566774627023	0.5210566774627023
6049	Solyc03g121070.3	Solyc09g057710.4	0.4737098294745814	0.4737098294745814
6050	Solyc03g121070.3	Solyc03g078120.4	-0.6853396838247209	0.6853396838247209
6051	Solyc03g121070.3	Solyc08g078340.3	-0.4435966594258491	0.4435966594258491
7565	Solyc08g042000.3	Solyc04g077490.3	0.5217435063564966	0.5217435063564966
7566	Solyc08g042000.3	Solyc01g067560.3	-0.6871035629212782	0.6871035629212782
7567	Solyc08g042000.3	Solyc10g080770.3	-0.7788677434464863	0.7788677434464863
7568	Solyc08g042000.3	Solyc02g063430.4	0.5385880770933914	0.5385880770933914
7569	Solyc08g042000.3	Solyc02g076810.4	-0.5211559563084994	0.5211559563084994
7570	Solyc08g042000.3	Solyc12g005960.3	-0.6311806916364062	0.6311806916364062
7571	Solyc08g042000.3	Solyc02g065350.3	0.6781329719493511	0.6781329719493511
7572	Solyc08g042000.3	Solyc08g005050.4	0.25740863214789234	0.25740863214789234
7573	Solyc08g042000.3	Solyc06g073640.4	0.5199189532359261	0.5199189532359261
7574	Solyc08g042000.3	Solyc02g078130.3	0.3969295588971696	0.3969295588971696
7575	Solyc08g042000.3	Solyc07g026680.2	-0.4989492329615445	0.4989492329615445
7577	Solyc08g042000.3	Solyc08g007170.1	0.2408487438976641	0.2408487438976641
7579	Solyc08g042000.3	Solyc10g055760.2	0.29447750223905905	0.29447750223905905
7580	Solyc08g042000.3	Solyc08g075090.4	0.6075605174130203	0.6075605174130203
7581	Solyc08g042000.3	Solyc04g078550.3	0.568653151794172	0.568653151794172
7582	Solyc08g042000.3	Solyc09g014250.3	0.3232563640957326	0.3232563640957326
7583	Solyc08g042000.3	Solyc09g065820.4	0.5276172417280235	0.5276172417280235
7584	Solyc08g042000.3	Solyc04g078770.4	0.6560210265092635	0.6560210265092635
7585	Solyc08g042000.3	Solyc05g050330.3	-0.347817834903966	0.347817834903966
7586	Solyc08g042000.3	Solyc11g005920.3	-0.4855026087023244	0.4855026087023244
7587	Solyc08g042000.3	Solyc03g123500.4	0.5267219510288172	0.5267219510288172
7588	Solyc08g042000.3	Solyc10g005010.4	0.24665550054982013	0.24665550054982013
7589	Solyc08g042000.3	Solyc05g009460.3	0.3430794784704436	0.3430794784704436
7590	Solyc08g042000.3	Solyc05g052610.3	-0.7454296992491595	0.7454296992491595
7591	Solyc08g042000.3	Solyc06g076770.3	0.4505931360459146	0.4505931360459146
7592	Solyc08g042000.3	Solyc04g007000.2	-0.5332220373745435	0.5332220373745435
7593	Solyc08g042000.3	Solyc07g053590.4	0.4403851276854641	0.4403851276854641
7594	Solyc08g042000.3	Solyc02g092050.3	0.6839389503420643	0.6839389503420643
7595	Solyc08g042000.3	Solyc02g084350.3	0.26463581668956837	0.26463581668956837
7596	Solyc08g042000.3	Solyc06g053610.3	0.3610882820578475	0.3610882820578475
7597	Solyc08g042000.3	Solyc08g079270.3	0.3539462186431137	0.3539462186431137
7599	Solyc08g042000.3	Solyc11g006720.2	-0.511892283416473	0.511892283416473
7600	Solyc08g042000.3	Solyc03g096350.3	0.31926714512233695	0.31926714512233695
7601	Solyc08g042000.3	Solyc12g014610.2	-0.6080889647045417	0.6080889647045417
7602	Solyc08g042000.3	Solyc12g098520.2	-0.7244689556759014	0.7244689556759014
7603	Solyc08g042000.3	Solyc04g015500.3	-0.5904155231077647	0.5904155231077647
7604	Solyc08g042000.3	Solyc04g008870.3	0.2600125790342331	0.2600125790342331
7605	Solyc08g042000.3	Solyc11g008000.2	0.4596362278351552	0.4596362278351552
7606	Solyc08g042000.3	Solyc12g096200.2	-0.47288167995848657	0.47288167995848657
7608	Solyc08g042000.3	Solyc01g097330.3	-0.48076089116153725	0.48076089116153725
7609	Solyc08g042000.3	Solyc04g045430.4	-0.5459489728007367	0.5459489728007367
7610	Solyc08g042000.3	Solyc07g062680.3	0.5419873122630309	0.5419873122630309
7611	Solyc08g042000.3	Solyc08g068320.3	0.691792777900802	0.691792777900802
7612	Solyc08g042000.3	Solyc05g009230.3	-0.6278912763183383	0.6278912763183383
7613	Solyc08g042000.3	Solyc01g091910.4	0.4653307852369647	0.4653307852369647
7615	Solyc08g042000.3	Solyc04g080740.1	0.4989580938200095	0.4989580938200095
7616	Solyc08g042000.3	Solyc08g005270.3	-0.6961481321897084	0.6961481321897084
7617	Solyc08g042000.3	Solyc03g095980.3	-0.03350179350990224	0.03350179350990224
7619	Solyc08g042000.3	Solyc01g090340.3	0.4358416706148424	0.4358416706148424
7620	Solyc08g042000.3	Solyc01g109880.3	0.5299297387522989	0.5299297387522989
7621	Solyc08g042000.3	Solyc02g077450.3	-0.4507093462809972	0.4507093462809972
7622	Solyc08g042000.3	Solyc06g071230.3	-0.5538345997064329	0.5538345997064329
7623	Solyc08g042000.3	Solyc07g018010.3	0.43397558245157486	0.43397558245157486
7624	Solyc08g042000.3	Solyc06g071690.3	0.3931266440235294	0.3931266440235294
7625	Solyc08g042000.3	Solyc06g007530.2	0.7063185619275073	0.7063185619275073
7626	Solyc08g042000.3	Solyc01g090560.4	0.3802276225624305	0.3802276225624305
7628	Solyc08g042000.3	Solyc11g010710.2	0.38760710520316194	0.38760710520316194
7629	Solyc08g042000.3	Solyc06g083590.4	-0.3030123853315555	0.3030123853315555
7630	Solyc08g042000.3	Solyc02g062950.3	-0.7115828574575852	0.7115828574575852
7633	Solyc08g042000.3	Solyc10g055410.2	0.32636342055384904	0.32636342055384904
7634	Solyc08g042000.3	Solyc01g008980.3	-0.5955602019141578	0.5955602019141578
7635	Solyc08g042000.3	Solyc05g009880.3	0.6224058979917394	0.6224058979917394
7636	Solyc08g042000.3	Solyc09g008850.3	-0.7264771574917992	0.7264771574917992
7637	Solyc08g042000.3	Solyc03g122030.1	-0.5515417529584165	0.5515417529584165
7638	Solyc08g042000.3	Solyc04g074810.4	0.28056827256858957	0.28056827256858957
7639	Solyc08g042000.3	Solyc12g008690.3	0.6014044940972633	0.6014044940972633
7640	Solyc08g042000.3	Solyc03g113620.3	-0.4121258835455238	0.4121258835455238
7641	Solyc08g042000.3	Solyc09g089870.3	-0.4784818664995441	0.4784818664995441
7642	Solyc08g042000.3	Solyc06g054540.3	-0.6405177804915525	0.6405177804915525
7643	Solyc08g042000.3	Solyc03g026020.3	-0.7611300764212068	0.7611300764212068
7644	Solyc08g042000.3	Solyc01g104900.3	-0.5851388242413024	0.5851388242413024
7645	Solyc08g042000.3	Solyc08g022080.4	-0.41863601402108436	0.41863601402108436
7646	Solyc08g042000.3	Solyc06g083170.3	0.28213071562045083	0.28213071562045083
7647	Solyc08g042000.3	Solyc04g077480.3	0.5312546615828695	0.5312546615828695
7648	Solyc08g042000.3	Solyc02g087920.3	-0.645652440703135	0.645652440703135
7649	Solyc08g042000.3	Solyc07g047610.3	0.40426496712071347	0.40426496712071347
7651	Solyc08g042000.3	Solyc09g057710.4	0.5217549607537498	0.5217549607537498
7652	Solyc08g042000.3	Solyc03g078120.4	-0.5899386861011213	0.5899386861011213
7653	Solyc08g042000.3	Solyc08g078340.3	-0.5744568184558347	0.5744568184558347
