TF,target,importance,TF_type,target_type,target_group,target_symbol,TF_symbol
Solyc02g082110.4,Solyc01g110290.3,73.23887412321967,TF,gene,,,SLC3H_5
Solyc02g082110.4,Solyc09g074100.4,68.82333971058053,TF,gene,,,SLC3H_5
Solyc01g059950.1,Solyc08g079020.3,68.70694033061613,TF,gene,,,SLGRAS_16
Solyc05g042030.3,Solyc07g043490.1,67.04320377149844,TR,gene,,,SLPHD_4
Solyc05g042030.3,Solyc12g008370.3,66.11377588313766,TR,gene,,,SLPHD_4
Solyc05g042030.3,Solyc07g063050.1,63.95066283028208,TR,gene,,,SLPHD_4
Solyc02g082110.4,Solyc10g006260.3,61.02412039248128,TF,gene,,,SLC3H_5
Solyc05g042030.3,Solyc01g087730.4,60.89070941706557,TR,gene,,,SLPHD_4
Solyc06g068570.4,Solyc07g017610.3,60.58919280681822,TF,gene,,,SLAP2_20
Solyc05g042030.3,Solyc10g007150.4,59.60747527201804,TR,gene,,,SLPHD_4
Solyc07g026680.2,Solyc02g090430.3,58.427325922766414,TF,gene,,,SLMYB-related_12
Solyc05g042030.3,Solyc11g005670.2,58.41566527169861,TR,gene,,,SLPHD_4
Solyc02g082110.4,Solyc10g005770.4,55.66755429221125,TF,gene,,,SLC3H_5
Solyc05g042030.3,Solyc06g007510.3,55.63461057955752,TR,gene,,,SLPHD_4
Solyc05g042030.3,Solyc06g005750.3,53.80221256738057,TR,gene,,,SLPHD_4
Solyc02g082110.4,Solyc03g005430.4,53.61726373485401,TF,gene,,,SLC3H_5
Solyc02g082110.4,Solyc03g112830.4,53.43476685063735,TF,gene,,,SLC3H_5
Solyc12g008800.3,Solyc08g075020.3,52.750325945689525,TF,gene,,,SLMYB-related_11
Solyc05g042030.3,Solyc05g005160.3,52.51262407924709,TR,gene,,,SLPHD_4
Solyc02g082110.4,Solyc01g111640.3,52.14680414624919,TF,gene,,,SLC3H_5
Solyc08g006110.4,Solyc02g077770.3,50.47089333399657,TF,gene,,,SLbZIP_13
Solyc05g042030.3,Solyc06g066730.3,49.612822438404926,TR,gene,,,SLPHD_4
Solyc05g042030.3,Solyc04g076790.3,49.10573878957044,TR,gene,,,SLPHD_4
Solyc02g082110.4,Solyc01g100540.4,48.95143349476676,TF,gene,,,SLC3H_5
Solyc02g082110.4,Solyc01g103760.3,48.45528724681668,TF,gene,,,SLC3H_5
Solyc07g026680.2,novel.2806,48.39617869406354,TF,gene,,,SLMYB-related_12
Solyc05g042030.3,Solyc09g059170.3,48.32095789713758,TR,gene,,,SLPHD_4
Solyc02g082110.4,Solyc10g018900.1,48.07050104557249,TF,gene,,,SLC3H_5
Solyc08g006110.4,Solyc07g018070.4,47.51551044280574,TF,gene,,,SLbZIP_13
Solyc05g042030.3,Solyc01g095790.4,47.3750033018866,TR,gene,,,SLPHD_4
Solyc05g042030.3,Solyc05g053810.3,46.79331060607865,TR,gene,,,SLPHD_4
Solyc05g042030.3,Solyc12g099260.2,46.44420317935106,TR,gene,,,SLPHD_4
Solyc05g042030.3,Solyc02g071510.3,46.23814405306884,TR,gene,,,SLPHD_4
Solyc05g042030.3,Solyc10g086760.2,45.56721223107563,TR,gene,,,SLPHD_4
Solyc02g082110.4,Solyc02g083320.3,45.40463109385099,TF,gene,,,SLC3H_5
Solyc05g042030.3,Solyc03g078640.1,45.32658577331149,TR,gene,,,SLPHD_4
Solyc05g042030.3,Solyc10g080660.3,45.16202930689979,TR,gene,,,SLPHD_4
Solyc02g082110.4,Solyc03g123750.3,45.11159951967205,TF,gene,,,SLC3H_5
Solyc05g042030.3,Solyc04g070980.4,44.97723902310835,TR,gene,,,SLPHD_4
Solyc05g042030.3,Solyc10g038130.3,44.9033785762804,TR,gene,,,SLPHD_4
Solyc02g082110.4,Solyc04g074040.3,44.43102739445727,TF,gene,,,SLC3H_5
Solyc02g082110.4,Solyc08g061820.3,44.345281721424335,TF,gene,,,SLC3H_5
Solyc02g082110.4,Solyc12g014430.2,44.17145160466039,TF,gene,,,SLC3H_5
Solyc05g042030.3,Solyc11g066720.3,43.89847156607902,TR,gene,,,SLPHD_4
Solyc08g006110.4,Solyc02g070580.1,43.82457918776007,TF,gene,,,SLbZIP_13
Solyc05g042030.3,Solyc08g079060.4,43.45658407822447,TR,gene,,,SLPHD_4
Solyc05g042030.3,Solyc08g077550.3,43.17647069955183,TR,gene,,,SLPHD_4
Solyc02g082110.4,Solyc06g007660.2,43.027362400265645,TF,gene,,,SLC3H_5
Solyc02g082110.4,Solyc10g086500.1,42.83246745920771,TF,gene,,,SLC3H_5
Solyc07g026680.2,novel.3835,42.7655385458653,TF,gene,,,SLMYB-related_12
Solyc02g082110.4,Solyc02g080660.3,42.48213717776931,TF,gene,,,SLC3H_5
Solyc02g082110.4,Solyc02g062950.3,42.41969592195159,TF,TF,,,SLC3H_5
Solyc05g042030.3,Solyc06g074090.3,42.35562429871317,TR,gene,,,SLPHD_4
Solyc01g059950.1,Solyc04g150162.1,42.27711011791239,TF,gene,,,SLGRAS_16
Solyc02g082110.4,Solyc11g044900.2,41.80283875179312,TF,gene,,,SLC3H_5
Solyc06g068570.4,Solyc10g086570.3,41.65732070053429,TF,gene,,,SLAP2_20
Solyc06g068570.4,Solyc08g083240.3,41.61661304200381,TF,gene,,,SLAP2_20
Solyc02g082110.4,Solyc05g007930.3,41.2750908454698,TF,gene,,,SLC3H_5
Solyc02g082110.4,Solyc09g007650.3,41.21631784552267,TF,gene,,,SLC3H_5
Solyc05g042030.3,Solyc09g007940.3,41.21346765898613,TR,gene,,,SLPHD_4
Solyc12g008830.3,Solyc11g005190.3,41.18462502455461,TF,gene,,,SLC2C2-GATA_12
Solyc05g042030.3,Solyc05g053120.1,41.11473867365876,TR,gene,,,SLPHD_4
Solyc02g082110.4,Solyc09g074380.4,40.82657439396132,TF,gene,,,SLC3H_5
Solyc05g042030.3,Solyc12g015860.2,40.70010269551963,TR,gene,,,SLPHD_4
Solyc02g082110.4,Solyc06g083520.3,40.46844084728764,TF,gene,,,SLC3H_5
Solyc01g059950.1,Solyc01g049770.3,40.467270640423294,TF,gene,,,SLGRAS_16
Solyc01g059950.1,Solyc04g072460.3,40.46676992325726,TF,TF,,,SLGRAS_16
Solyc06g068570.4,Solyc05g054620.4,40.42123836425386,TF,gene,,,SLAP2_20
Solyc05g042030.3,Solyc01g091640.3,40.40298493980457,TR,gene,,,SLPHD_4
Solyc05g042030.3,Solyc03g123390.4,40.207205853985535,TR,gene,,,SLPHD_4
Solyc05g042030.3,Solyc01g009100.4,40.13400542789742,TR,gene,,,SLPHD_4
Solyc02g082110.4,Solyc02g084240.3,40.11585421656149,TF,gene,,,SLC3H_5
Solyc07g026680.2,novel.5593,40.07818834380478,TF,gene,,,SLMYB-related_12
Solyc05g042030.3,Solyc07g052230.3,40.024110485919074,TR,gene,,,SLPHD_4
Solyc06g068570.4,Solyc05g012110.4,39.972856857250754,TF,gene,,,SLAP2_20
Solyc05g042030.3,Solyc08g076210.3,39.89714082095995,TR,gene,,,SLPHD_4
Solyc05g042030.3,Solyc06g048820.1,39.68251359067888,TR,gene,,,SLPHD_4
Solyc02g082110.4,Solyc05g052340.4,39.66542447758136,TF,gene,,,SLC3H_5
Solyc01g059950.1,Solyc05g006420.3,39.56350308694823,TF,TR,,,SLGRAS_16
Solyc02g082110.4,Solyc09g057630.3,39.4965733440239,TF,gene,,,SLC3H_5
Solyc05g042030.3,Solyc01g110290.3,39.4583618976766,TR,gene,,,SLPHD_4
Solyc02g063430.4,Solyc04g074040.3,39.43414573900692,TF,gene,,,SLbHLH_1
Solyc05g042030.3,Solyc09g064860.3,39.37062439644389,TR,gene,,,SLPHD_4
Solyc05g042030.3,Solyc12g010390.2,39.345289421478086,TR,gene,,,SLPHD_4
Solyc05g042030.3,Solyc03g115650.4,39.32228613061951,TR,gene,,,SLPHD_4
Solyc05g042030.3,Solyc02g082110.4,39.17902082492952,TR,TF,,,SLPHD_4
Solyc05g042030.3,Solyc05g053400.3,39.17001329647457,TR,gene,,,SLPHD_4
Solyc12g008830.3,Solyc12g057040.2,39.00860726164908,TF,gene,,,SLC2C2-GATA_12
Solyc02g082110.4,Solyc12g010390.2,38.89611558022844,TF,gene,,,SLC3H_5
Solyc02g082110.4,Solyc05g053810.3,38.841191865846014,TF,gene,,,SLC3H_5
Solyc06g068570.4,Solyc03g117590.3,38.83034359110184,TF,gene,,,SLAP2_20
Solyc07g026680.2,novel.1496,38.670772194482375,TF,gene,,,SLMYB-related_12
Solyc07g026680.2,Solyc11g011330.2,38.417330911408776,TF,gene,,,SLMYB-related_12
Solyc08g006110.4,Solyc11g069620.3,38.21636504280361,TF,gene,,,SLbZIP_13
Solyc05g042030.3,Solyc03g112870.3,38.19258189128147,TR,gene,,,SLPHD_4
Solyc12g008800.3,Solyc06g068570.4,38.020188653311095,TF,TF,,,SLMYB-related_11
Solyc05g042030.3,Solyc01g028860.3,37.82402354364766,TR,gene,,,SLPHD_4
Solyc05g042030.3,Solyc07g043420.3,37.81034410336378,TR,gene,,,SLPHD_4
Solyc02g082110.4,Solyc12g008370.3,37.804053579738365,TF,gene,,,SLC3H_5
Solyc01g059950.1,Solyc02g090430.3,37.70806716001665,TF,gene,,,SLGRAS_16
Solyc02g082110.4,Solyc02g084340.3,37.70636650576081,TF,gene,,,SLC3H_5
Solyc02g082110.4,Solyc08g075420.4,37.696580768001205,TF,gene,,,SLC3H_5
Solyc08g006110.4,Solyc12g044330.2,37.60861880990908,TF,gene,,,SLbZIP_13
Solyc05g042030.3,Solyc12g014430.2,37.3271974342143,TR,gene,,,SLPHD_4
Solyc02g082110.4,Solyc11g008870.2,37.2484386742831,TF,gene,,,SLC3H_5
Solyc05g042030.3,Solyc12g006470.2,37.22864741914205,TR,gene,,,SLPHD_4
Solyc06g068570.4,Solyc08g075020.3,37.19711298422794,TF,gene,,,SLAP2_20
Solyc02g082110.4,Solyc07g017960.4,37.19381016035218,TF,gene,,,SLC3H_5
Solyc02g082110.4,Solyc01g105540.4,37.13655099814255,TF,gene,,,SLC3H_5
Solyc05g042030.3,Solyc12g098960.2,37.0199328508792,TR,gene,,,SLPHD_4
Solyc08g006110.4,Solyc03g117590.3,37.011943383462594,TF,gene,,,SLbZIP_13
Solyc05g042030.3,Solyc07g006910.4,36.97980943541472,TR,gene,,,SLPHD_4
Solyc05g042030.3,Solyc06g073600.4,36.94561470194813,TR,gene,,,SLPHD_4
Solyc12g008830.3,Solyc04g016040.1,36.932223772451096,TF,gene,,,SLC2C2-GATA_12
Solyc02g082110.4,Solyc11g069390.1,36.89048330026037,TF,gene,,,SLC3H_5
Solyc05g042030.3,Solyc04g005070.3,36.85201858908183,TR,gene,,,SLPHD_4
Solyc01g059950.1,Solyc10g055770.2,36.605701645432745,TF,gene,,,SLGRAS_16
Solyc02g082110.4,Solyc09g064860.3,36.55184415776281,TF,gene,,,SLC3H_5
Solyc05g042030.3,Solyc10g085220.3,36.537502826088016,TR,gene,,,SLPHD_4
Solyc12g008830.3,Solyc02g092580.3,36.52966534574005,TF,gene,,,SLC2C2-GATA_12
Solyc05g042030.3,Solyc02g091000.4,36.517694012249926,TR,gene,,,SLPHD_4
Solyc05g042030.3,Solyc09g074380.4,36.51193388776382,TR,gene,,,SLPHD_4
Solyc02g082110.4,Solyc01g107800.4,36.50013182255895,TF,gene,,,SLC3H_5
Solyc02g063430.4,Solyc05g005560.4,36.49868604612166,TF,gene,,,SLbHLH_1
Solyc05g042030.3,Solyc10g083970.1,36.4728254262928,TR,gene,,,SLPHD_4
Solyc05g042030.3,Solyc09g007150.3,36.46688832544459,TR,gene,,,SLPHD_4
Solyc05g042030.3,Solyc04g008230.3,36.455138766720616,TR,gene,,,SLPHD_4
Solyc02g082110.4,Solyc09g065160.4,36.30281338890229,TF,gene,,,SLC3H_5
Solyc08g006110.4,Solyc02g069600.3,36.267555695580754,TF,gene,,,SLbZIP_13
Solyc02g082110.4,Solyc02g068290.2,36.255556583707005,TF,gene,,,SLC3H_5
Solyc12g008800.3,Solyc03g117550.1,36.224916901711126,TF,gene,,,SLMYB-related_11
Solyc05g042030.3,Solyc02g067080.4,36.12390433686169,TR,gene,,,SLPHD_4
Solyc01g059950.1,Solyc07g005010.4,35.91908355847898,TF,gene,,,SLGRAS_16
Solyc02g063430.4,Solyc03g019670.3,35.82948005324008,TF,gene,,,SLbHLH_1
Solyc02g082110.4,Solyc05g054315.1,35.79239272063504,TF,gene,,,SLC3H_5
Solyc02g082110.4,Solyc04g078320.4,35.71886540865485,TF,gene,,,SLC3H_5
Solyc05g042030.3,Solyc12g009840.2,35.657224998005134,TR,gene,,,SLPHD_4
Solyc12g008800.3,novel.2629,35.651082611077335,TF,gene,,,SLMYB-related_11
Solyc02g082110.4,Solyc12g015860.2,35.42130167267968,TF,gene,,,SLC3H_5
Solyc05g042030.3,Solyc07g043460.3,35.38041501859239,TR,gene,,,SLPHD_4
Solyc02g082110.4,Solyc02g071120.3,35.376406282442915,TF,gene,,,SLC3H_5
Solyc05g042030.3,Solyc03g006360.3,35.304790771158416,TR,gene,,,SLPHD_4
Solyc05g050330.3,Solyc06g068250.1,35.13448641199723,TF,gene,,,SLWRKY_34
Solyc05g042030.3,Solyc02g071120.3,35.10492913090053,TR,gene,,,SLPHD_4
Solyc02g082110.4,Solyc10g086760.2,35.00052435553674,TF,gene,,,SLC3H_5
Solyc02g082110.4,Solyc12g049540.3,34.985844273183126,TF,gene,,,SLC3H_5
Solyc05g042030.3,Solyc05g008780.4,34.716504203794265,TR,gene,,,SLPHD_4
Solyc02g082110.4,Solyc02g079960.3,34.57609850004689,TF,gene,,,SLC3H_5
Solyc05g042030.3,Solyc07g042680.3,34.550225259311574,TR,gene,,,SLPHD_4
Solyc05g042030.3,Solyc07g056140.3,34.54126672669747,TR,gene,,,SLPHD_4
Solyc02g063430.4,Solyc10g080740.2,34.41471567950705,TF,gene,,,SLbHLH_1
Solyc07g026680.2,Solyc04g009470.4,34.41048693764449,TF,gene,,,SLMYB-related_12
Solyc02g082110.4,Solyc07g063050.1,34.38856727333115,TF,gene,,,SLC3H_5
Solyc05g042030.3,Solyc02g088690.4,34.35316044647396,TR,gene,,,SLPHD_4
Solyc12g008800.3,Solyc03g096820.4,34.31806103596564,TF,gene,,,SLMYB-related_11
Solyc02g082110.4,Solyc10g081000.1,34.29464407546203,TF,gene,,,SLC3H_5
Solyc05g042030.3,Solyc01g067640.3,34.28286944895192,TR,gene,,,SLPHD_4
Solyc02g082110.4,Solyc01g007930.4,34.26367831716631,TF,gene,,,SLC3H_5
Solyc02g082110.4,Solyc06g071430.3,34.25602317206745,TF,gene,,,SLC3H_5
Solyc06g068570.4,Solyc12g010900.1,34.23805089241813,TF,gene,,,SLAP2_20
Solyc02g082110.4,Solyc04g007910.3,34.208806903624286,TF,gene,,,SLC3H_5
Solyc02g063430.4,Solyc02g077090.4,34.14709457940659,TF,gene,,,SLbHLH_1
Solyc02g082110.4,Solyc02g064700.3,34.09512632771416,TF,gene,,,SLC3H_5
Solyc02g082110.4,Solyc02g067080.4,34.04609545307534,TF,gene,,,SLC3H_5
Solyc05g042030.3,Solyc01g079410.3,34.03087478367623,TR,gene,,,SLPHD_4
Solyc12g008800.3,Solyc09g009540.4,33.92313885527084,TF,gene,,,SLMYB-related_11
Solyc05g042030.3,Solyc03g083350.3,33.84209854653855,TR,gene,,,SLPHD_4
Solyc05g042030.3,Solyc10g081510.2,33.81771781043052,TR,gene,,,SLPHD_4
Solyc08g006110.4,Solyc07g061730.3,33.812307013558815,TF,gene,,,SLbZIP_13
Solyc06g068570.4,Solyc12g096290.3,33.80082507429992,TF,gene,,,SLAP2_20
Solyc06g068570.4,Solyc01g096940.4,33.76035175929694,TF,gene,,,SLAP2_20
Solyc05g042030.3,Solyc09g008840.4,33.730801014638146,TR,gene,,,SLPHD_4
Solyc02g082110.4,Solyc06g051350.4,33.62046556745769,TF,gene,,,SLC3H_5
Solyc02g082110.4,Solyc09g005630.3,33.56704107461264,TF,gene,,,SLC3H_5
Solyc02g082110.4,Solyc03g112060.3,33.44405446062962,TF,gene,,,SLC3H_5
Solyc12g008830.3,Solyc08g069180.3,33.38642274536697,TF,gene,,,SLC2C2-GATA_12
Solyc02g063430.4,Solyc08g066650.3,33.2972575207044,TF,gene,,,SLbHLH_1
Solyc05g042030.3,Solyc12g100060.1,33.2315783097036,TR,gene,,,SLPHD_4
Solyc06g068570.4,Solyc02g083835.1,33.23097465866093,TF,gene,,,SLAP2_20
Solyc05g042030.3,Solyc03g083960.3,33.22202534081416,TR,gene,,,SLPHD_4
Solyc02g082110.4,Solyc02g071510.3,33.21738486580922,TF,gene,,,SLC3H_5
Solyc02g063430.4,Solyc01g087470.3,33.12637455190525,TF,gene,,,SLbHLH_1
Solyc02g063430.4,Solyc08g082450.3,33.111165998932194,TF,gene,,,SLbHLH_1
Solyc02g082110.4,Solyc01g088720.3,33.08362574669549,TF,gene,,,SLC3H_5
Solyc12g008800.3,novel.5160,32.98252315528321,TF,gene,,,SLMYB-related_11
Solyc05g042030.3,Solyc01g103760.3,32.93635097996479,TR,gene,,,SLPHD_4
Solyc01g059950.1,Solyc03g095980.3,32.86233958175436,TF,TF,,,SLGRAS_16
Solyc02g082110.4,Solyc01g109600.4,32.85276763580135,TF,gene,,,SLC3H_5
Solyc07g026680.2,Solyc02g068040.3,32.81293779145949,TF,gene,,,SLMYB-related_12
Solyc07g026680.2,Solyc12g096490.1,32.80824877436902,TF,gene,,,SLMYB-related_12
Solyc02g082110.4,Solyc01g090910.3,32.67855827846418,TF,gene,,,SLC3H_5
Solyc02g082110.4,Solyc10g085020.3,32.63481058438725,TF,gene,,,SLC3H_5
Solyc05g050330.3,Solyc04g080310.1,32.589349376399014,TF,gene,,,SLWRKY_34
Solyc08g006110.4,Solyc03g078630.3,32.51251054598791,TF,gene,,,SLbZIP_13
Solyc12g008800.3,Solyc11g007000.2,32.450232755755415,TF,gene,,,SLMYB-related_11
Solyc12g008830.3,Solyc07g042995.1,32.447091110290245,TF,gene,,,SLC2C2-GATA_12
Solyc06g068570.4,Solyc06g084290.3,32.35974567200037,TF,gene,,,SLAP2_20
Solyc05g042030.3,Solyc08g083310.3,32.347305610020655,TR,gene,,,SLPHD_4
Solyc02g063430.4,Solyc02g080620.3,32.329439267898806,TF,gene,,,SLbHLH_1
Solyc02g082110.4,Solyc01g008070.3,32.27846709120548,TF,gene,,,SLC3H_5
Solyc02g063430.4,Solyc08g080170.3,32.275393538830926,TF,gene,,,SLbHLH_1
Solyc06g068570.4,Solyc09g075940.3,32.27285060785184,TF,gene,,,SLAP2_20
Solyc02g082110.4,Solyc03g044190.3,32.18345360588917,TF,gene,,,SLC3H_5
Solyc05g042030.3,Solyc10g086500.1,32.18164132093161,TR,gene,,,SLPHD_4
Solyc08g006110.4,Solyc09g098180.4,32.08757180708111,TF,gene,,,SLbZIP_13
Solyc01g059950.1,Solyc03g044790.3,32.06892736216079,TF,gene,,,SLGRAS_16
Solyc06g068570.4,Solyc08g080380.4,32.06043934147948,TF,gene,,,SLAP2_20
Solyc08g006110.4,Solyc10g055410.2,32.03732767791543,TF,TF,,,SLbZIP_13
Solyc12g008800.3,Solyc07g007670.3,32.013440494505275,TF,gene,,,SLMYB-related_11
Solyc02g082110.4,Solyc02g076740.3,31.94043004851922,TF,gene,,,SLC3H_5
Solyc05g042030.3,Solyc10g008410.1,31.916609003423325,TR,gene,,,SLPHD_4
Solyc08g006110.4,Solyc10g085490.3,31.89608490199425,TF,gene,,,SLbZIP_13
Solyc05g042030.3,Solyc02g085920.3,31.7441783556009,TR,gene,,,SLPHD_4
Solyc02g082110.4,Solyc01g079410.3,31.63060348417037,TF,gene,,,SLC3H_5
Solyc07g026680.2,Solyc04g076860.3,31.61782098207036,TF,gene,,,SLMYB-related_12
Solyc02g063430.4,Solyc02g065530.4,31.583153274856407,TF,gene,,,SLbHLH_1
Solyc02g082110.4,Solyc11g066720.3,31.57155130074652,TF,gene,,,SLC3H_5
Solyc02g082110.4,Solyc10g085300.2,31.520675625507817,TF,gene,,,SLC3H_5
Solyc02g082110.4,Solyc08g082310.3,31.49173813865197,TF,gene,,,SLC3H_5
Solyc05g042030.3,Solyc11g012870.2,31.4079901238441,TR,gene,,,SLPHD_4
Solyc08g006110.4,Solyc06g068570.4,31.378850029678308,TF,TF,,,SLbZIP_13
Solyc02g063430.4,Solyc12g099260.2,31.294954956890034,TF,gene,,,SLbHLH_1
Solyc12g008830.3,Solyc03g025230.3,31.27804429809955,TF,gene,,,SLC2C2-GATA_12
Solyc02g063430.4,Solyc02g093610.3,31.267034116577083,TF,gene,,,SLbHLH_1
Solyc02g063430.4,Solyc07g055760.3,31.23536680457184,TF,gene,,,SLbHLH_1
Solyc08g006110.4,Solyc10g086570.3,31.116057172877525,TF,gene,,,SLbZIP_13
Solyc05g042030.3,Solyc11g008870.2,31.11226957277395,TR,gene,,,SLPHD_4
Solyc06g068570.4,Solyc11g069620.3,31.111111743561008,TF,gene,,,SLAP2_20
Solyc02g063430.4,Solyc02g067080.4,31.101350562099025,TF,gene,,,SLbHLH_1
Solyc02g082110.4,Solyc10g080740.2,31.09270751281032,TF,gene,,,SLC3H_5
Solyc06g068570.4,Solyc07g061920.4,31.082744006993902,TF,gene,,,SLAP2_20
Solyc02g082110.4,Solyc09g008860.4,31.07871515022564,TF,gene,,,SLC3H_5
Solyc02g082110.4,Solyc02g093090.1,31.052472230138463,TF,gene,,,SLC3H_5
Solyc02g082110.4,Solyc11g040050.3,31.03277466984428,TF,gene,,,SLC3H_5
Solyc05g042030.3,Solyc01g111160.3,30.985100108558385,TR,gene,,,SLPHD_4
Solyc02g082110.4,Solyc04g051870.3,30.962320594796097,TF,gene,,,SLC3H_5
Solyc02g082110.4,Solyc10g049580.2,30.945356826589805,TF,gene,,,SLC3H_5
Solyc05g042030.3,Solyc10g018870.2,30.921138521021245,TR,gene,,,SLPHD_4
Solyc02g082110.4,Solyc09g013120.4,30.89835669390672,TF,gene,,,SLC3H_5
Solyc02g063430.4,Solyc05g054315.1,30.883493719892115,TF,gene,,,SLbHLH_1
Solyc07g026680.2,Solyc12g089385.1,30.8676557526245,TF,gene,,,SLMYB-related_12
Solyc02g082110.4,Solyc07g005330.3,30.79913306478251,TF,gene,,,SLC3H_5
Solyc05g050330.3,Solyc04g076940.3,30.786910430767232,TF,gene,,,SLWRKY_34
Solyc01g059950.1,Solyc08g061060.3,30.78111483569178,TF,gene,,,SLGRAS_16
Solyc12g008800.3,Solyc03g117590.3,30.75680783006973,TF,gene,,,SLMYB-related_11
Solyc12g008830.3,Solyc06g074760.2,30.533681132815897,TF,gene,,,SLC2C2-GATA_12
Solyc05g042030.3,Solyc03g033950.4,30.456488263905666,TR,gene,,,SLPHD_4
Solyc07g026680.2,Solyc09g092420.2,30.349589607912343,TF,gene,,,SLMYB-related_12
Solyc02g082110.4,Solyc01g091200.4,30.34939941201108,TF,gene,,,SLC3H_5
Solyc02g082110.4,Solyc05g053620.3,30.34926529019721,TF,gene,,,SLC3H_5
Solyc02g082110.4,Solyc01g067900.3,30.32374832100397,TF,gene,,,SLC3H_5
Solyc12g008800.3,Solyc04g071900.4,30.28465823517854,TF,gene,,,SLMYB-related_11
Solyc02g082110.4,Solyc01g107200.4,30.2798862744028,TF,gene,,,SLC3H_5
Solyc01g059950.1,Solyc09g092420.2,30.270097969087367,TF,gene,,,SLGRAS_16
Solyc07g026680.2,Solyc12g008510.2,30.169214905136283,TF,gene,metabolism,SlHXK3,SLMYB-related_12
Solyc08g006110.4,Solyc11g072580.2,30.07990416767904,TF,gene,,,SLbZIP_13
Solyc02g082110.4,Solyc10g081510.2,30.02601218376661,TF,gene,,,SLC3H_5
Solyc08g006110.4,Solyc12g097060.1,30.01350403866492,TF,gene,,,SLbZIP_13
Solyc02g082110.4,Solyc04g080550.4,29.939672599254617,TF,gene,,,SLC3H_5
Solyc05g042030.3,Solyc12g006973.1,29.81722478356342,TR,gene,,,SLPHD_4
Solyc05g042030.3,Solyc07g008820.3,29.799507099215617,TR,gene,,,SLPHD_4
Solyc02g082110.4,Solyc03g115650.4,29.65464336456402,TF,gene,,,SLC3H_5
Solyc02g082110.4,Solyc06g072290.3,29.626510118519143,TF,gene,,,SLC3H_5
Solyc05g042030.3,Solyc12g095980.2,29.589392865579487,TR,gene,,,SLPHD_4
Solyc05g042030.3,novel.2504,29.5113778604676,TR,gene,,,SLPHD_4
Solyc05g042030.3,Solyc08g006820.4,29.50807366693827,TR,gene,,,SLPHD_4
Solyc02g082110.4,Solyc03g026020.3,29.48529563248359,TF,TF,,,SLC3H_5
Solyc02g082110.4,Solyc02g091890.3,29.455671001383365,TF,gene,,,SLC3H_5
Solyc07g026680.2,Solyc09g007660.1,29.37631557052153,TF,gene,,,SLMYB-related_12
Solyc08g006110.4,Solyc04g074820.3,29.359416498617648,TF,gene,,,SLbZIP_13
Solyc07g026680.2,Solyc04g081400.3,29.3384283805436,TF,gene,metabolism,SlHXK4,SLMYB-related_12
Solyc02g063430.4,Solyc02g065765.1,29.31452605136141,TF,gene,,,SLbHLH_1
Solyc02g082110.4,Solyc12g049530.2,29.27157430208489,TF,gene,,,SLC3H_5
Solyc05g042030.3,Solyc03g005750.3,29.262357878401648,TR,gene,,,SLPHD_4
Solyc05g050330.3,Solyc06g068260.3,29.26187491960985,TF,gene,,,SLWRKY_34
Solyc02g082110.4,Solyc05g051050.3,29.21507590642221,TF,gene,,,SLC3H_5
Solyc05g042030.3,Solyc12g056640.2,29.20649584254665,TR,gene,,,SLPHD_4
Solyc02g063430.4,Solyc05g056120.3,29.174260959508725,TF,TF,,,SLbHLH_1
Solyc02g082110.4,Solyc12g009840.2,29.04141559844777,TF,gene,,,SLC3H_5
Solyc05g042030.3,Solyc08g080080.4,29.021729013709592,TR,gene,,,SLPHD_4
Solyc07g026680.2,Solyc04g074810.4,28.96699175133966,TF,TF,,,SLMYB-related_12
Solyc06g068570.4,Solyc07g005440.1,28.940784859751552,TF,gene,,,SLAP2_20
Solyc05g042030.3,Solyc08g082990.3,28.88950254349131,TR,gene,,,SLPHD_4
Solyc12g008830.3,Solyc11g011330.2,28.887936159007165,TF,gene,,,SLC2C2-GATA_12
Solyc02g063430.4,Solyc02g083540.3,28.878346744654337,TF,gene,,,SLbHLH_1
Solyc05g042030.3,Solyc04g054810.3,28.877927687795992,TR,gene,,,SLPHD_4
Solyc02g063430.4,Solyc04g054810.3,28.831861551019774,TF,gene,,,SLbHLH_1
Solyc08g006110.4,Solyc12g057000.1,28.761306453431345,TF,gene,,,SLbZIP_13
Solyc06g068570.4,Solyc04g007000.2,28.760034919943774,TF,TF,,,SLAP2_20
Solyc08g006110.4,Solyc01g080020.2,28.737082609753944,TF,gene,,,SLbZIP_13
Solyc02g082110.4,Solyc08g081930.3,28.58695243345624,TF,gene,,,SLC3H_5
Solyc05g042030.3,Solyc06g069120.3,28.520545059957836,TR,gene,,,SLPHD_4
Solyc02g082110.4,Solyc04g071120.3,28.50668866720792,TF,gene,,,SLC3H_5
Solyc05g042030.3,Solyc10g081620.2,28.467424789213503,TR,gene,,,SLPHD_4
Solyc12g008830.3,Solyc12g019740.2,28.45237642577788,TF,gene,,,SLC2C2-GATA_12
Solyc08g006110.4,Solyc11g012705.2,28.451478959016438,TF,gene,,,SLbZIP_13
Solyc05g042030.3,Solyc02g084240.3,28.44033414498118,TR,gene,,,SLPHD_4
Solyc02g063430.4,Solyc12g014430.2,28.424599100693765,TF,gene,,,SLbHLH_1
Solyc06g068570.4,Solyc09g008430.4,28.343974123576835,TF,gene,,,SLAP2_20
Solyc05g042030.3,Solyc10g009380.3,28.31975441972956,TR,gene,,,SLPHD_4
Solyc06g068570.4,Solyc08g005440.3,28.28038286043238,TF,gene,,,SLAP2_20
Solyc05g042030.3,Solyc05g052340.4,28.278749581692608,TR,gene,,,SLPHD_4
Solyc07g026680.2,Solyc05g013310.1,28.245498688216777,TF,gene,,,SLMYB-related_12
Solyc08g006110.4,Solyc02g068415.1,28.244952313587177,TF,gene,,,SLbZIP_13
Solyc05g042030.3,Solyc07g005330.3,28.226866330242167,TR,gene,,,SLPHD_4
Solyc02g082110.4,Solyc10g081620.2,28.13690082196562,TF,gene,,,SLC3H_5
Solyc07g026680.2,Solyc10g083330.1,28.136384288755792,TF,gene,,,SLMYB-related_12
Solyc05g042030.3,Solyc01g091320.3,28.1128623125952,TR,gene,,,SLPHD_4
Solyc02g082110.4,Solyc01g103360.4,28.10346456568461,TF,gene,,,SLC3H_5
Solyc02g082110.4,Solyc01g068290.4,28.101871563793548,TF,gene,,,SLC3H_5
Solyc05g042030.3,Solyc08g080170.3,28.06359294359626,TR,gene,,,SLPHD_4
Solyc02g063430.4,Solyc06g007790.1,28.044765996658167,TF,gene,,,SLbHLH_1
Solyc02g082110.4,Solyc05g055700.3,27.876216384307217,TF,gene,,,SLC3H_5
Solyc12g008800.3,novel.3705,27.87475519815294,TF,gene,,,SLMYB-related_11
Solyc02g082110.4,Solyc08g083110.4,27.84608317138756,TF,gene,,,SLC3H_5
Solyc06g068570.4,Solyc04g071900.4,27.778549990081306,TF,gene,,,SLAP2_20
Solyc02g082110.4,Solyc06g050350.3,27.771605015581077,TF,gene,,,SLC3H_5
Solyc05g042030.3,Solyc11g069770.2,27.63170245245333,TR,TF,,,SLPHD_4
Solyc02g082110.4,Solyc10g011820.4,27.623657623446885,TF,gene,,,SLC3H_5
Solyc12g008800.3,Solyc10g086570.3,27.614813136049065,TF,gene,,,SLMYB-related_11
Solyc05g042030.3,Solyc06g050920.4,27.4968563549587,TR,gene,,,SLPHD_4
Solyc02g082110.4,Solyc11g071470.1,27.463662678150865,TF,gene,,,SLC3H_5
Solyc06g068570.4,Solyc08g068700.1,27.46318932087896,TF,TR,,,SLAP2_20
Solyc02g082110.4,Solyc07g064610.3,27.462461462958817,TF,gene,,,SLC3H_5
Solyc02g063430.4,Solyc06g005750.3,27.44869626613225,TF,gene,,,SLbHLH_1
Solyc05g042030.3,Solyc09g005760.3,27.44297526384068,TR,gene,,,SLPHD_4
Solyc05g042030.3,Solyc02g089620.3,27.37055274879235,TR,gene,,,SLPHD_4
Solyc07g026680.2,Solyc01g105090.3,27.328503296619264,TF,gene,,,SLMYB-related_12
Solyc02g063430.4,Solyc05g012380.3,27.308710858478783,TF,gene,,,SLbHLH_1
Solyc05g042030.3,Solyc04g079860.1,27.24628205796872,TR,gene,,,SLPHD_4
Solyc05g042030.3,Solyc12g006310.2,27.21775167758176,TR,gene,,,SLPHD_4
Solyc05g050330.3,novel.3532,27.11137543030976,TF,gene,,,SLWRKY_34
Solyc02g082110.4,Solyc02g063430.4,27.09203320607157,TF,TF,,,SLC3H_5
Solyc12g008800.3,Solyc05g055700.3,27.00456588944549,TF,gene,,,SLMYB-related_11
Solyc12g008800.3,Solyc08g042100.3,26.99806762876331,TF,gene,,,SLMYB-related_11
Solyc02g082110.4,Solyc04g011560.4,26.994778596452296,TF,gene,,,SLC3H_5
Solyc05g042030.3,Solyc08g076530.3,26.990088757710996,TR,gene,,,SLPHD_4
Solyc06g068570.4,Solyc03g006260.4,26.978367685421187,TF,gene,,,SLAP2_20
Solyc06g068570.4,Solyc12g008800.3,26.91643347227733,TF,TF,,,SLAP2_20
Solyc02g082110.4,Solyc10g083970.1,26.913468710509733,TF,gene,,,SLC3H_5
Solyc02g063430.4,Solyc12g014570.2,26.886225776267118,TF,gene,,,SLbHLH_1
Solyc02g082110.4,Solyc10g006250.3,26.878817470603103,TF,gene,,,SLC3H_5
Solyc08g006110.4,Solyc06g082860.4,26.87776595118814,TF,gene,,,SLbZIP_13
Solyc05g042030.3,Solyc08g066750.3,26.8528133005327,TR,gene,,,SLPHD_4
Solyc06g068570.4,Solyc08g006110.4,26.84404775372293,TF,TF,,,SLAP2_20
Solyc05g042030.3,Solyc01g079350.3,26.826506492003304,TR,gene,,,SLPHD_4
Solyc02g082110.4,Solyc10g085220.3,26.718595234661677,TF,gene,,,SLC3H_5
Solyc02g063430.4,Solyc09g007150.3,26.716516099280867,TF,gene,,,SLbHLH_1
Solyc06g068570.4,Solyc08g007630.1,26.69924221108893,TF,gene,,,SLAP2_20
Solyc05g042030.3,Solyc02g082100.4,26.65986624722122,TR,gene,,,SLPHD_4
Solyc08g006110.4,Solyc10g005010.4,26.554790473322697,TF,TF,,,SLbZIP_13
Solyc05g042030.3,Solyc01g066900.4,26.5326021290471,TR,gene,,,SLPHD_4
Solyc06g068570.4,Solyc03g117550.1,26.51913592007658,TF,gene,,,SLAP2_20
Solyc02g082110.4,Solyc04g077030.3,26.50444817825885,TF,gene,,,SLC3H_5
Solyc02g082110.4,Solyc02g088690.4,26.444219744582057,TF,gene,,,SLC3H_5
Solyc06g068570.4,Solyc09g008240.3,26.43779252945488,TF,gene,,,SLAP2_20
Solyc12g008800.3,Solyc05g012110.4,26.41924380233901,TF,gene,,,SLMYB-related_11
Solyc08g006110.4,Solyc12g013700.2,26.41399779956734,TF,gene,,,SLbZIP_13
Solyc12g008800.3,Solyc11g010440.3,26.409742166068025,TF,gene,,,SLMYB-related_11
Solyc08g006110.4,Solyc04g080740.1,26.40439120732573,TF,TF,,,SLbZIP_13
Solyc02g063430.4,Solyc05g007070.2,26.399927543565337,TF,gene,,,SLbHLH_1
Solyc05g042030.3,Solyc05g007930.3,26.34259465078575,TR,gene,,,SLPHD_4
Solyc02g063430.4,Solyc12g015860.2,26.335043798249515,TF,gene,,,SLbHLH_1
Solyc01g059950.1,Solyc02g089090.3,26.33442724754438,TF,gene,,,SLGRAS_16
Solyc06g068570.4,Solyc02g065190.3,26.308439156797636,TF,gene,,,SLAP2_20
Solyc08g006110.4,Solyc06g069640.3,26.27575747338021,TF,gene,,,SLbZIP_13
Solyc05g042030.3,Solyc06g063000.3,26.26865521305424,TR,gene,,,SLPHD_4
Solyc05g042030.3,Solyc05g014980.4,26.23686521459455,TR,gene,,,SLPHD_4
Solyc08g006110.4,novel.4031,26.23092352625448,TF,gene,,,SLbZIP_13
Solyc12g008800.3,Solyc04g074130.3,26.2088348321116,TF,gene,,,SLMYB-related_11
Solyc08g006110.4,Solyc09g065180.3,26.19059309501204,TF,gene,,,SLbZIP_13
Solyc02g063430.4,Solyc02g089620.3,26.17576777067192,TF,gene,,,SLbHLH_1
Solyc05g042030.3,Solyc02g077090.4,26.15480973356305,TR,gene,,,SLPHD_4
Solyc06g068570.4,Solyc11g011380.2,26.14712458127601,TF,gene,,,SLAP2_20
Solyc02g063430.4,Solyc07g043480.1,26.107946317554315,TF,gene,,,SLbHLH_1
Solyc02g082110.4,Solyc05g052400.3,26.017571076863128,TF,gene,,,SLC3H_5
Solyc01g059950.1,Solyc04g005540.3,25.973845322814856,TF,gene,,,SLGRAS_16
Solyc02g063430.4,Solyc01g005590.2,25.97281052811014,TF,gene,,,SLbHLH_1
Solyc12g008830.3,Solyc04g015340.3,25.953256084317108,TF,gene,,,SLC2C2-GATA_12
Solyc05g042030.3,Solyc08g079090.4,25.940799379124016,TR,gene,,,SLPHD_4
Solyc02g082110.4,Solyc07g052430.3,25.93033136618732,TF,gene,,,SLC3H_5
Solyc08g006110.4,Solyc01g106680.4,25.846508206391924,TF,gene,,,SLbZIP_13
Solyc02g063430.4,Solyc01g107800.4,25.825851585800603,TF,gene,,,SLbHLH_1
Solyc02g082110.4,Solyc01g105310.3,25.823686568375752,TF,gene,,,SLC3H_5
Solyc02g082110.4,Solyc01g107340.4,25.812235058563672,TF,gene,,,SLC3H_5
Solyc05g042030.3,Solyc10g005960.1,25.76613623309602,TR,gene,,,SLPHD_4
Solyc02g082110.4,Solyc01g091640.3,25.720018400053767,TF,gene,,,SLC3H_5
Solyc02g082110.4,Solyc01g150176.1,25.674897505511268,TF,gene,,,SLC3H_5
Solyc07g026680.2,Solyc09g075940.3,25.661173466625524,TF,gene,,,SLMYB-related_12
Solyc08g006110.4,Solyc08g066670.3,25.645082641726667,TF,gene,,,SLbZIP_13
Solyc02g063430.4,Solyc10g085220.3,25.61699166618865,TF,gene,,,SLbHLH_1
Solyc01g059950.1,Solyc03g005960.3,25.5759545646907,TF,gene,,,SLGRAS_16
Solyc02g082110.4,Solyc02g081580.3,25.55234056632261,TF,gene,,,SLC3H_5
Solyc01g059950.1,Solyc04g074850.3,25.54618752258466,TF,gene,,,SLGRAS_16
Solyc02g082110.4,Solyc12g015800.2,25.54340804986898,TF,gene,,,SLC3H_5
Solyc08g006110.4,Solyc10g008120.4,25.53511904659134,TF,gene,,,SLbZIP_13
Solyc05g042030.3,Solyc07g014640.3,25.53508605599168,TR,gene,,,SLPHD_4
Solyc01g059950.1,Solyc10g080980.2,25.528582719769407,TF,gene,,,SLGRAS_16
Solyc06g068570.4,Solyc09g089880.3,25.52624779665045,TF,gene,,,SLAP2_20
Solyc07g026680.2,Solyc03g117430.3,25.52389826210488,TF,gene,,,SLMYB-related_12
Solyc05g042030.3,Solyc02g076800.1,25.44503804460916,TR,gene,,,SLPHD_4
Solyc01g059950.1,Solyc03g113460.1,25.423055269074347,TF,gene,,,SLGRAS_16
Solyc02g082110.4,Solyc06g082610.4,25.4215488536502,TF,gene,,,SLC3H_5
Solyc02g082110.4,Solyc12g010740.3,25.40074883146476,TF,gene,,,SLC3H_5
Solyc05g042030.3,Solyc12g009930.3,25.34950985923797,TR,gene,,,SLPHD_4
Solyc08g006110.4,Solyc05g052860.3,25.30812687286961,TF,gene,,,SLbZIP_13
Solyc06g068570.4,Solyc04g076037.1,25.2622928396579,TF,gene,,,SLAP2_20
Solyc06g068570.4,Solyc07g066230.4,25.200132354525795,TF,gene,,,SLAP2_20
Solyc02g063430.4,Solyc03g117280.4,25.16303222464149,TF,gene,,,SLbHLH_1
Solyc06g068570.4,Solyc01g095180.2,25.15916958106629,TF,gene,,,SLAP2_20
Solyc02g063430.4,Solyc05g053550.3,25.148122541425423,TF,gene,,,SLbHLH_1
Solyc02g063430.4,Solyc02g080660.3,25.1469660059926,TF,gene,,,SLbHLH_1
Solyc05g042030.3,Solyc05g054040.4,25.110182245688456,TR,gene,,,SLPHD_4
Solyc02g082110.4,Solyc03g114800.1,25.09536248137028,TF,gene,,,SLC3H_5
Solyc01g059950.1,Solyc09g010230.2,25.07430870114114,TF,TF,,,SLGRAS_16
Solyc02g063430.4,Solyc04g074330.3,25.049582940482,TF,gene,,,SLbHLH_1
Solyc02g082110.4,Solyc01g005590.2,25.03331993371516,TF,gene,,,SLC3H_5
Solyc02g082110.4,Solyc02g088330.2,25.02993625892474,TF,gene,,,SLC3H_5
Solyc05g042030.3,Solyc01g068470.4,25.01681591908395,TR,gene,,,SLPHD_4
Solyc02g063430.4,Solyc01g091320.3,25.010427324363665,TF,gene,,,SLbHLH_1
Solyc05g042030.3,Solyc01g090480.4,25.006085334473696,TR,gene,,,SLPHD_4
Solyc02g082110.4,Solyc09g008790.4,24.99239557591485,TF,gene,,,SLC3H_5
Solyc12g008800.3,Solyc02g083610.4,24.983545895067174,TF,gene,,,SLMYB-related_11
Solyc08g006110.4,Solyc04g050930.3,24.966851833448395,TF,gene,,,SLbZIP_13
Solyc06g068570.4,Solyc07g043480.1,24.9525374484778,TF,gene,,,SLAP2_20
Solyc05g042030.3,Solyc11g017140.3,24.909818547686115,TR,TF,,,SLPHD_4
Solyc01g059950.1,Solyc11g008440.3,24.906023704092043,TF,gene,,,SLGRAS_16
Solyc06g068570.4,Solyc03g006100.4,24.8971228348369,TF,gene,,,SLAP2_20
Solyc05g042030.3,Solyc02g080160.4,24.86780741224049,TR,gene,,,SLPHD_4
Solyc02g063430.4,Solyc10g086500.1,24.82618817225228,TF,gene,,,SLbHLH_1
Solyc08g006110.4,Solyc11g017240.3,24.788681373619703,TF,gene,,,SLbZIP_13
Solyc02g063430.4,Solyc02g094330.3,24.784949424220347,TF,gene,,,SLbHLH_1
Solyc06g068570.4,Solyc07g005300.1,24.75713107195168,TF,gene,,,SLAP2_20
Solyc05g042030.3,Solyc11g071470.1,24.74419440440816,TR,gene,,,SLPHD_4
Solyc02g063430.4,Solyc12g099500.2,24.73241561231708,TF,gene,,,SLbHLH_1
Solyc05g042030.3,Solyc06g060100.3,24.68443033635312,TR,gene,,,SLPHD_4
Solyc05g042030.3,Solyc01g006400.4,24.631774238656845,TR,gene,,,SLPHD_4
Solyc06g068570.4,Solyc04g074410.2,24.6302620090555,TF,gene,,,SLAP2_20
Solyc02g063430.4,Solyc08g013840.3,24.629760504994163,TF,gene,,,SLbHLH_1
Solyc06g068570.4,Solyc10g079770.3,24.62794244388498,TF,gene,,,SLAP2_20
Solyc05g042030.3,Solyc09g008060.4,24.57065972729953,TR,gene,,,SLPHD_4
Solyc01g059950.1,Solyc04g072240.3,24.542478486919425,TF,gene,,,SLGRAS_16
Solyc02g082110.4,Solyc06g016790.3,24.5237605334785,TF,gene,,,SLC3H_5
Solyc02g082110.4,Solyc07g017600.3,24.49921192799561,TF,gene,,,SLC3H_5
Solyc02g082110.4,Solyc07g065380.4,24.433188403454523,TF,gene,,,SLC3H_5
Solyc02g082110.4,Solyc04g008980.3,24.426480435916982,TF,gene,,,SLC3H_5
Solyc12g008800.3,Solyc02g069410.4,24.41418811818389,TF,gene,,,SLMYB-related_11
Solyc02g082110.4,Solyc03g112870.3,24.413268592800257,TF,gene,,,SLC3H_5
Solyc02g082110.4,Solyc01g100160.3,24.412273426594293,TF,gene,,,SLC3H_5
Solyc02g082110.4,Solyc06g060100.3,24.344276521156218,TF,gene,,,SLC3H_5
Solyc07g026680.2,Solyc02g087975.1,24.32611625386884,TF,gene,,,SLMYB-related_12
Solyc06g068570.4,Solyc01g094460.3,24.287871403473137,TF,gene,,,SLAP2_20
Solyc12g008800.3,Solyc10g024320.2,24.280859028869944,TF,gene,,,SLMYB-related_11
Solyc05g042030.3,Solyc05g055700.3,24.24698209286387,TR,gene,,,SLPHD_4
Solyc12g008800.3,Solyc11g011380.2,24.206839782435143,TF,gene,,,SLMYB-related_11
Solyc02g063430.4,Solyc07g014640.3,24.20408513822394,TF,gene,,,SLbHLH_1
Solyc12g008800.3,Solyc05g007600.1,24.203448159385218,TF,gene,,,SLMYB-related_11
Solyc07g026680.2,Solyc05g013300.1,24.17522636431608,TF,gene,,,SLMYB-related_12
Solyc05g042030.3,Solyc12g098310.2,24.169787158842173,TR,gene,,,SLPHD_4
Solyc02g082110.4,Solyc06g074040.2,24.16607363151877,TF,gene,,,SLC3H_5
Solyc08g006110.4,Solyc10g005100.3,24.15105585119624,TF,gene,,,SLbZIP_13
Solyc06g068570.4,Solyc09g009380.3,24.10335286090555,TF,gene,,,SLAP2_20
Solyc02g063430.4,Solyc10g086760.2,24.03460943750564,TF,gene,,,SLbHLH_1
Solyc02g082110.4,Solyc03g083000.3,24.01478388099856,TF,gene,,,SLC3H_5
Solyc07g026680.2,Solyc08g006830.3,23.99095535277996,TF,gene,,,SLMYB-related_12
Solyc05g042030.3,Solyc02g069490.4,23.988696498994088,TR,gene,,,SLPHD_4
Solyc02g063430.4,Solyc01g110290.3,23.95599160049132,TF,gene,,,SLbHLH_1
Solyc08g006110.4,Solyc09g065540.3,23.955969517363133,TF,gene,,,SLbZIP_13
Solyc12g008800.3,Solyc11g011330.2,23.929831588968224,TF,gene,,,SLMYB-related_11
Solyc01g059950.1,Solyc02g063520.3,23.925160029153737,TF,TF,,,SLGRAS_16
Solyc02g063430.4,Solyc05g010813.1,23.89337792619937,TF,gene,,,SLbHLH_1
Solyc02g082110.4,Solyc08g069231.1,23.89298835002883,TF,gene,,,SLC3H_5
Solyc12g008800.3,Solyc06g069890.4,23.87748704706906,TF,gene,,,SLMYB-related_11
Solyc07g026680.2,novel.1037,23.87729447171968,TF,gene,,,SLMYB-related_12
Solyc12g008800.3,Solyc03g093490.3,23.813177286458533,TF,gene,,,SLMYB-related_11
Solyc05g042030.3,Solyc11g010630.4,23.76416816687201,TR,gene,,,SLPHD_4
Solyc05g042030.3,Solyc06g084260.3,23.7344198927741,TR,gene,,,SLPHD_4
Solyc08g006110.4,Solyc08g078090.1,23.707647075546987,TF,gene,,,SLbZIP_13
Solyc08g006110.4,Solyc09g042660.4,23.658392318712668,TF,gene,,,SLbZIP_13
Solyc05g042030.3,Solyc07g064230.4,23.650866889563147,TR,gene,,,SLPHD_4
Solyc12g008830.3,Solyc07g052510.4,23.63734444639563,TF,gene,,,SLC2C2-GATA_12
Solyc02g063430.4,Solyc01g109430.3,23.612548145726155,TF,gene,,,SLbHLH_1
Solyc01g059950.1,Solyc12g150132.1,23.57694355332416,TF,gene,,,SLGRAS_16
Solyc02g082110.4,Solyc01g109970.3,23.50793070293216,TF,TR,,,SLC3H_5
Solyc02g082110.4,Solyc03g121620.1,23.504391515603952,TF,gene,,,SLC3H_5
Solyc07g026680.2,Solyc09g010250.1,23.496237631662943,TF,gene,,,SLMYB-related_12
Solyc05g042030.3,Solyc02g083320.3,23.49424047360217,TR,gene,,,SLPHD_4
Solyc07g026680.2,Solyc03g116670.3,23.49290247605216,TF,gene,,,SLMYB-related_12
Solyc06g068570.4,novel.4448,23.47224176735345,TF,gene,,,SLAP2_20
Solyc05g042030.3,Solyc12g098820.2,23.465492334886527,TR,gene,,,SLPHD_4
Solyc02g082110.4,Solyc10g085660.3,23.46359335866325,TF,gene,,,SLC3H_5
Solyc07g026680.2,Solyc02g084610.1,23.40775762277776,TF,gene,,,SLMYB-related_12
Solyc02g082110.4,Solyc01g096450.4,23.366600720517315,TF,gene,,,SLC3H_5
Solyc06g068570.4,Solyc02g078150.4,23.35495095735956,TF,gene,,,SLAP2_20
Solyc05g042030.3,Solyc06g016790.3,23.350785988814938,TR,gene,,,SLPHD_4
Solyc12g008830.3,Solyc05g012510.3,23.340634349568315,TF,gene,,,SLC2C2-GATA_12
Solyc02g063430.4,Solyc06g074670.4,23.30037432308692,TF,gene,,,SLbHLH_1
Solyc05g042030.3,Solyc11g011960.2,23.278213089684044,TR,gene,,,SLPHD_4
Solyc06g068570.4,Solyc01g094830.4,23.27136900992552,TF,gene,,,SLAP2_20
Solyc07g026680.2,Solyc06g083170.3,23.21794187820581,TF,TF,,,SLMYB-related_12
Solyc07g026680.2,Solyc04g055250.4,23.20043191489011,TF,gene,,,SLMYB-related_12
Solyc05g042030.3,Solyc01g095360.2,23.183612848899816,TR,gene,,,SLPHD_4
Solyc05g050330.3,Solyc12g049530.2,23.17653598582445,TF,gene,,,SLWRKY_34
Solyc05g042030.3,Solyc05g008440.3,23.135922488989884,TR,gene,,,SLPHD_4
Solyc12g008830.3,Solyc10g076510.2,23.10707880184422,TF,gene,,,SLC2C2-GATA_12
Solyc02g082110.4,Solyc06g083660.4,23.01781755717647,TF,gene,,,SLC3H_5
Solyc05g042030.3,Solyc02g088330.2,23.0123170212128,TR,gene,,,SLPHD_4
Solyc12g008830.3,Solyc03g083090.4,22.989238449996297,TF,gene,,,SLC2C2-GATA_12
Solyc07g026680.2,Solyc07g017610.3,22.971004353247316,TF,gene,,,SLMYB-related_12
Solyc02g063430.4,Solyc10g018900.1,22.9663816866886,TF,gene,,,SLbHLH_1
Solyc05g042030.3,Solyc10g086065.1,22.925278922399507,TR,gene,,,SLPHD_4
Solyc05g042030.3,Solyc07g042160.3,22.915951293777933,TR,gene,,,SLPHD_4
Solyc02g082110.4,Solyc09g009260.3,22.90897117213514,TF,gene,,,SLC3H_5
Solyc05g042030.3,Solyc03g115990.3,22.89781670176404,TR,gene,,,SLPHD_4
Solyc12g008830.3,novel.4643,22.886303562357583,TF,gene,,,SLC2C2-GATA_12
Solyc08g006110.4,Solyc02g083280.4,22.87688740044273,TF,gene,,,SLbZIP_13
Solyc12g008830.3,Solyc06g069400.4,22.852911695283275,TF,gene,,,SLC2C2-GATA_12
Solyc01g059950.1,Solyc01g106310.3,22.85080978378432,TF,gene,,,SLGRAS_16
Solyc02g063430.4,Solyc03g006360.3,22.815352738166627,TF,gene,,,SLbHLH_1
Solyc06g068570.4,Solyc10g055770.2,22.802125200756965,TF,gene,,,SLAP2_20
Solyc05g042030.3,Solyc06g083440.3,22.782905336496675,TR,gene,,,SLPHD_4
Solyc05g042030.3,Solyc11g011330.2,22.77363910412993,TR,gene,,,SLPHD_4
Solyc02g082110.4,Solyc03g078640.1,22.773429574964823,TF,gene,,,SLC3H_5
Solyc05g042030.3,Solyc08g066730.3,22.75309772183188,TR,gene,,,SLPHD_4
Solyc02g063430.4,Solyc01g096220.3,22.72014529741745,TF,gene,,,SLbHLH_1
Solyc02g063430.4,Solyc11g066720.3,22.717522773419223,TF,gene,,,SLbHLH_1
Solyc02g063430.4,Solyc12g049540.3,22.709913873048023,TF,gene,,,SLbHLH_1
Solyc08g006110.4,Solyc01g007260.3,22.706047661427288,TF,gene,,,SLbZIP_13
Solyc06g068570.4,Solyc02g092420.4,22.692094193728856,TF,gene,,,SLAP2_20
Solyc01g059950.1,Solyc08g066490.3,22.68024182431217,TF,gene,,,SLGRAS_16
Solyc02g082110.4,Solyc05g005190.3,22.67532188383567,TF,gene,,,SLC3H_5
Solyc02g063430.4,Solyc01g091160.4,22.661539002023524,TF,gene,,,SLbHLH_1
Solyc02g063430.4,Solyc04g005710.3,22.59781142950091,TF,TF,,,SLbHLH_1
Solyc08g006110.4,Solyc01g091230.3,22.59464289144001,TF,gene,,,SLbZIP_13
Solyc02g063430.4,Solyc06g083660.4,22.579017772515225,TF,gene,,,SLbHLH_1
Solyc02g082110.4,Solyc01g105880.4,22.5783539119692,TF,gene,,,SLC3H_5
Solyc05g042030.3,Solyc07g043480.1,22.575659248344973,TR,gene,,,SLPHD_4
Solyc02g063430.4,Solyc09g057630.3,22.54553674325233,TF,gene,,,SLbHLH_1
Solyc06g068570.4,Solyc04g063350.3,22.535672762599997,TF,gene,,,SLAP2_20
Solyc06g068570.4,Solyc12g057040.2,22.51704328223581,TF,gene,,,SLAP2_20
Solyc05g042030.3,Solyc04g077470.3,22.50300535407385,TR,gene,,,SLPHD_4
Solyc07g026680.2,Solyc07g008210.4,22.4717001842468,TF,gene,,,SLMYB-related_12
Solyc02g082110.4,Solyc10g007150.4,22.413445017406232,TF,gene,,,SLC3H_5
Solyc12g008800.3,Solyc02g088460.4,22.372882532478148,TF,gene,,,SLMYB-related_11
Solyc12g008800.3,Solyc06g082860.4,22.34360856495798,TF,gene,,,SLMYB-related_11
Solyc02g082110.4,Solyc10g007940.1,22.327735910811427,TF,gene,,,SLC3H_5
Solyc02g063430.4,Solyc08g006890.3,22.299628788313672,TF,gene,,,SLbHLH_1
Solyc06g068570.4,Solyc08g079020.3,22.28280088538995,TF,gene,,,SLAP2_20
Solyc06g068570.4,novel.3705,22.250635367322303,TF,gene,,,SLAP2_20
Solyc02g063430.4,Solyc11g017140.3,22.23390118806072,TF,TF,,,SLbHLH_1
Solyc05g042030.3,Solyc05g010810.1,22.19453428144595,TR,gene,,,SLPHD_4
Solyc07g026680.2,Solyc07g054460.4,22.173868166753355,TF,gene,,,SLMYB-related_12
Solyc08g006110.4,Solyc10g085920.3,22.15991288549656,TF,gene,,,SLbZIP_13
Solyc07g026680.2,Solyc03g007050.3,22.159601681768653,TF,gene,,,SLMYB-related_12
Solyc12g008830.3,Solyc08g068700.1,22.148309112012797,TF,TR,,,SLC2C2-GATA_12
Solyc07g026680.2,Solyc07g055180.3,22.14711261039792,TF,gene,,,SLMYB-related_12
Solyc05g042030.3,Solyc12g095790.2,22.129998731768016,TR,gene,,,SLPHD_4
Solyc02g082110.4,Solyc12g099260.2,22.115723058191936,TF,gene,,,SLC3H_5
Solyc02g082110.4,Solyc04g080300.4,22.095500305263567,TF,gene,,,SLC3H_5
Solyc02g082110.4,Solyc01g105300.4,22.089642546558228,TF,gene,,,SLC3H_5
Solyc05g042030.3,Solyc02g085730.3,22.05204778215264,TR,gene,,,SLPHD_4
Solyc01g059950.1,Solyc06g074750.1,22.02387899713161,TF,gene,,,SLGRAS_16
Solyc05g042030.3,Solyc07g062130.3,22.01239579404778,TR,gene,,,SLPHD_4
Solyc07g026680.2,Solyc06g075050.2,21.99971250320985,TF,gene,,,SLMYB-related_12
Solyc07g026680.2,Solyc06g053220.3,21.984969440759485,TF,TF,,,SLMYB-related_12
Solyc05g042030.3,Solyc11g072270.3,21.975157627572788,TR,gene,,,SLPHD_4
Solyc08g006110.4,Solyc03g113100.3,21.964475984492484,TF,gene,,,SLbZIP_13
Solyc05g042030.3,Solyc05g005560.4,21.953834811688218,TR,gene,,,SLPHD_4
Solyc08g006110.4,Solyc02g079250.4,21.95145738241317,TF,gene,,,SLbZIP_13
Solyc05g042030.3,Solyc01g111910.3,21.926854774203044,TR,gene,,,SLPHD_4
Solyc08g006110.4,Solyc05g010685.1,21.89217295210893,TF,gene,,,SLbZIP_13
Solyc08g006110.4,Solyc01g100900.4,21.884998599592635,TF,gene,,,SLbZIP_13
Solyc02g082110.4,Solyc10g005960.1,21.87463260335157,TF,gene,,,SLC3H_5
Solyc01g059950.1,Solyc04g009900.4,21.871312961472395,TF,gene,,,SLGRAS_16
Solyc06g068570.4,Solyc01g095390.3,21.81202690261001,TF,gene,,,SLAP2_20
Solyc02g063430.4,Solyc09g090670.3,21.80125004583647,TF,gene,,,SLbHLH_1
Solyc07g026680.2,Solyc01g059950.1,21.797059778911184,TF,TF,,,SLMYB-related_12
Solyc02g082110.4,Solyc01g099020.3,21.776525103985804,TF,gene,,,SLC3H_5
Solyc05g042030.3,Solyc03g006870.3,21.77337757745888,TR,gene,,,SLPHD_4
Solyc07g026680.2,Solyc11g005820.1,21.752357510854058,TF,gene,,,SLMYB-related_12
Solyc07g026680.2,Solyc07g007860.1,21.729542672153173,TF,gene,,,SLMYB-related_12
Solyc02g082110.4,Solyc07g055470.3,21.702659499147217,TF,gene,,,SLC3H_5
Solyc05g042030.3,Solyc05g054315.1,21.701596488492044,TR,gene,,,SLPHD_4
Solyc12g008800.3,Solyc12g019480.3,21.68715381819945,TF,gene,,,SLMYB-related_11
Solyc02g082110.4,Solyc08g081160.3,21.68520352064156,TF,gene,,,SLC3H_5
Solyc08g006110.4,Solyc09g015520.3,21.65131050091402,TF,gene,,,SLbZIP_13
Solyc06g068570.4,Solyc01g091730.3,21.63759120469567,TF,gene,,,SLAP2_20
Solyc01g059950.1,Solyc10g079600.2,21.624027554131057,TF,TR,,,SLGRAS_16
Solyc05g042030.3,Solyc04g011400.3,21.617410637574384,TR,gene,,,SLPHD_4
Solyc07g026680.2,Solyc03g026110.4,21.61068734440714,TF,gene,,,SLMYB-related_12
Solyc06g068570.4,Solyc11g008440.3,21.589078035374843,TF,gene,,,SLAP2_20
Solyc02g082110.4,Solyc06g007430.3,21.578768935801843,TF,gene,,,SLC3H_5
Solyc02g082110.4,Solyc06g071570.3,21.57475194595174,TF,gene,,,SLC3H_5
Solyc05g042030.3,Solyc08g023500.4,21.55944402610888,TR,gene,,,SLPHD_4
Solyc02g082110.4,Solyc01g096220.3,21.55317569979118,TF,gene,,,SLC3H_5
Solyc02g063430.4,Solyc03g118150.3,21.543968159849094,TF,gene,,,SLbHLH_1
Solyc07g026680.2,Solyc03g095770.3,21.53839644021984,TF,TF,,,SLMYB-related_12
Solyc08g006110.4,Solyc10g079770.3,21.51213549889468,TF,gene,,,SLbZIP_13
Solyc02g082110.4,Solyc01g111160.3,21.498388107092435,TF,gene,,,SLC3H_5
Solyc02g082110.4,Solyc08g048460.2,21.47842404858456,TF,gene,,,SLC3H_5
Solyc02g082110.4,Solyc05g005680.3,21.47091346755972,TF,gene,,,SLC3H_5
Solyc05g042030.3,Solyc11g065720.2,21.464881820584445,TR,gene,,,SLPHD_4
Solyc05g042030.3,Solyc07g063070.1,21.46473284753856,TR,gene,,,SLPHD_4
Solyc08g006110.4,Solyc03g033410.4,21.46337398189031,TF,gene,,,SLbZIP_13
Solyc08g006110.4,Solyc11g013120.2,21.45456662248549,TF,gene,,,SLbZIP_13
Solyc02g082110.4,Solyc05g053370.3,21.44369256448705,TF,gene,,,SLC3H_5
Solyc02g082110.4,Solyc01g088050.3,21.41623892131813,TF,gene,,,SLC3H_5
Solyc12g008830.3,Solyc02g087740.3,21.41619985391073,TF,gene,,,SLC2C2-GATA_12
Solyc12g008800.3,Solyc04g150112.1,21.41214800639171,TF,gene,,,SLMYB-related_11
Solyc02g082110.4,Solyc03g121530.3,21.40951259234861,TF,gene,,,SLC3H_5
Solyc02g063430.4,Solyc02g082260.3,21.408247038060622,TF,gene,,,SLbHLH_1
Solyc02g082110.4,Solyc07g056540.3,21.399904939574423,TF,gene,,,SLC3H_5
Solyc02g082110.4,Solyc07g018010.3,21.34994547324096,TF,TF,,,SLC3H_5
Solyc06g068570.4,Solyc07g007670.3,21.34477208830063,TF,gene,,,SLAP2_20
Solyc12g008800.3,Solyc09g008550.4,21.343369588129598,TF,gene,,,SLMYB-related_11
Solyc01g059950.1,Solyc08g005440.3,21.333479066299383,TF,gene,,,SLGRAS_16
Solyc02g063430.4,Solyc03g034100.4,21.32855406539704,TF,TF,,,SLbHLH_1
Solyc02g063430.4,Solyc04g074810.4,21.2984490711072,TF,TF,,,SLbHLH_1
Solyc02g063430.4,Solyc09g008860.4,21.26589651547977,TF,gene,,,SLbHLH_1
Solyc01g059950.1,Solyc02g089890.4,21.244993367475708,TF,gene,,,SLGRAS_16
Solyc12g008800.3,Solyc06g065720.1,21.231812390288724,TF,gene,,,SLMYB-related_11
Solyc05g042030.3,Solyc06g066750.3,21.22740431910604,TR,gene,,,SLPHD_4
Solyc02g082110.4,Solyc06g059990.4,21.21898946345495,TF,gene,,,SLC3H_5
Solyc06g068570.4,Solyc11g066400.1,21.21892344163632,TF,TF,,,SLAP2_20
Solyc02g063430.4,Solyc08g079790.1,21.21746579376199,TF,gene,,,SLbHLH_1
Solyc02g063430.4,Solyc02g088330.2,21.207015060068,TF,gene,,,SLbHLH_1
Solyc02g082110.4,Solyc05g056120.3,21.191597132344928,TF,TF,,,SLC3H_5
Solyc02g082110.4,Solyc10g081010.3,21.18597169590316,TF,gene,,,SLC3H_5
Solyc05g042030.3,Solyc11g006910.3,21.18484579351032,TR,gene,,,SLPHD_4
Solyc02g063430.4,Solyc03g122250.3,21.184805390880737,TF,gene,,,SLbHLH_1
Solyc06g068570.4,Solyc03g121920.3,21.176939235827778,TF,gene,,,SLAP2_20
Solyc07g026680.2,Solyc04g071900.4,21.171601256404248,TF,gene,,,SLMYB-related_12
Solyc02g063430.4,Solyc03g083000.3,21.12978656948314,TF,gene,,,SLbHLH_1
Solyc07g026680.2,Solyc02g092840.1,21.12719538747875,TF,gene,,,SLMYB-related_12
Solyc07g026680.2,Solyc10g009540.1,21.110846046328305,TF,gene,,,SLMYB-related_12
Solyc05g042030.3,Solyc12g015740.2,21.10988540594946,TR,gene,,,SLPHD_4
Solyc06g068570.4,Solyc02g088850.3,21.101578341758064,TF,gene,,,SLAP2_20
Solyc08g006110.4,Solyc12g009880.1,21.09687175170072,TF,gene,,,SLbZIP_13
Solyc06g068570.4,Solyc09g008550.4,21.02910894857091,TF,gene,,,SLAP2_20
Solyc05g042030.3,Solyc09g009260.3,21.022314071068404,TR,gene,,,SLPHD_4
Solyc02g082110.4,Solyc09g008290.4,20.97790843628746,TF,gene,,,SLC3H_5
Solyc02g063430.4,Solyc10g081010.3,20.977671048904885,TF,gene,,,SLbHLH_1
Solyc12g008830.3,Solyc12g044950.3,20.954447645941787,TF,gene,,,SLC2C2-GATA_12
Solyc02g082110.4,Solyc02g092320.2,20.93721824352376,TF,gene,,,SLC3H_5
Solyc01g059950.1,Solyc07g007980.3,20.90353128452625,TF,gene,,,SLGRAS_16
Solyc02g082110.4,Solyc01g006320.4,20.89686006076652,TF,gene,,,SLC3H_5
Solyc08g006110.4,Solyc09g075970.3,20.896605433639458,TF,gene,,,SLbZIP_13
Solyc08g006110.4,Solyc02g078450.3,20.859135461321035,TF,gene,,,SLbZIP_13
Solyc02g082110.4,Solyc02g085730.3,20.836965572379707,TF,gene,,,SLC3H_5
Solyc02g082110.4,Solyc04g077480.3,20.824576404468296,TF,TF,,,SLC3H_5
Solyc05g042030.3,Solyc11g069780.3,20.822829752740294,TR,gene,,,SLPHD_4
Solyc05g042030.3,Solyc02g086180.4,20.8167869655828,TR,gene,,,SLPHD_4
Solyc02g082110.4,Solyc06g075220.1,20.8013256571012,TF,gene,,,SLC3H_5
Solyc02g082110.4,Solyc06g074090.3,20.7703032729993,TF,gene,,,SLC3H_5
Solyc12g008800.3,Solyc02g068040.3,20.73359443124735,TF,gene,,,SLMYB-related_11
Solyc05g042030.3,Solyc10g083440.2,20.731892397050917,TR,gene,,,SLPHD_4
Solyc07g026680.2,Solyc04g055200.3,20.68311390805232,TF,gene,,,SLMYB-related_12
Solyc02g082110.4,Solyc11g010470.2,20.66676956117981,TF,gene,,,SLC3H_5
Solyc06g068570.4,Solyc04g076220.3,20.66295462483792,TF,gene,,,SLAP2_20
Solyc02g082110.4,Solyc11g012870.2,20.66265070263581,TF,gene,,,SLC3H_5
Solyc05g050330.3,Solyc10g085020.3,20.66096237256534,TF,gene,,,SLWRKY_34
Solyc02g082110.4,Solyc04g024430.3,20.64532214224688,TF,gene,,,SLC3H_5
Solyc07g026680.2,novel.5549,20.64400937662429,TF,gene,,,SLMYB-related_12
Solyc02g082110.4,Solyc05g009680.1,20.63954041303129,TF,gene,,,SLC3H_5
Solyc12g008800.3,Solyc03g120080.4,20.63390658450401,TF,gene,,,SLMYB-related_11
Solyc07g026680.2,Solyc03g007760.3,20.60770814065705,TF,gene,,,SLMYB-related_12
Solyc06g068570.4,Solyc04g074810.4,20.607599710961424,TF,TF,,,SLAP2_20
Solyc02g082110.4,Solyc12g098500.2,20.580233449326464,TF,gene,,,SLC3H_5
Solyc12g008830.3,Solyc06g071830.2,20.572449673848425,TF,TR,,,SLC2C2-GATA_12
Solyc05g042030.3,Solyc02g063430.4,20.564448148860563,TR,TF,,,SLPHD_4
Solyc07g026680.2,Solyc12g094380.2,20.558648319129095,TF,gene,,,SLMYB-related_12
Solyc01g059950.1,Solyc02g072310.3,20.55088301535221,TF,gene,,,SLGRAS_16
Solyc06g068570.4,Solyc05g025900.3,20.53200309295809,TF,gene,,,SLAP2_20
Solyc05g042030.3,Solyc07g017960.4,20.51578904372284,TR,gene,,,SLPHD_4
Solyc06g068570.4,Solyc08g048290.4,20.47851617990408,TF,gene,,,SLAP2_20
Solyc02g063430.4,Solyc06g066750.3,20.476724592322928,TF,gene,,,SLbHLH_1
Solyc12g008800.3,Solyc08g005440.3,20.46920754429396,TF,gene,,,SLMYB-related_11
Solyc12g008800.3,Solyc12g011370.3,20.451703568018136,TF,gene,,,SLMYB-related_11
Solyc01g059950.1,Solyc06g083170.3,20.44135786118217,TF,TF,,,SLGRAS_16
Solyc06g068570.4,Solyc09g008050.3,20.43837051287955,TF,gene,,,SLAP2_20
Solyc02g063430.4,Solyc06g074090.3,20.430150232301767,TF,gene,,,SLbHLH_1
Solyc02g082110.4,Solyc03g082660.3,20.41055973559053,TF,gene,,,SLC3H_5
Solyc02g082110.4,Solyc04g076940.3,20.39086230846612,TF,gene,,,SLC3H_5
Solyc02g082110.4,Solyc03g005830.4,20.386901523748485,TF,gene,,,SLC3H_5
Solyc02g082110.4,Solyc07g005280.3,20.33892204551784,TF,gene,,,SLC3H_5
Solyc02g082110.4,Solyc02g089620.3,20.33690046867205,TF,gene,,,SLC3H_5
Solyc08g006110.4,Solyc07g053430.4,20.316998092308346,TF,gene,,,SLbZIP_13
Solyc02g082110.4,Solyc01g108910.4,20.303407983609123,TF,gene,,,SLC3H_5
Solyc02g063430.4,Solyc08g068290.3,20.2938678597992,TF,gene,,,SLbHLH_1
Solyc02g063430.4,Solyc07g043420.3,20.28659855434352,TF,gene,,,SLbHLH_1
Solyc12g008830.3,Solyc08g005800.4,20.28208460935634,TF,gene,,,SLC2C2-GATA_12
Solyc06g068570.4,Solyc12g062250.2,20.269411898294337,TF,gene,,,SLAP2_20
Solyc01g059950.1,Solyc07g056400.1,20.265562346874077,TF,gene,,,SLGRAS_16
Solyc02g082110.4,Solyc11g065020.3,20.259684957953827,TF,gene,,,SLC3H_5
Solyc05g042030.3,Solyc01g095970.3,20.2431856671192,TR,gene,,,SLPHD_4
Solyc05g042030.3,Solyc03g116500.4,20.242552958138084,TR,gene,,,SLPHD_4
Solyc05g042030.3,Solyc05g010420.2,20.199548784276764,TR,gene,,,SLPHD_4
Solyc06g068570.4,Solyc03g082450.3,20.192347228337887,TF,gene,,,SLAP2_20
Solyc08g006110.4,Solyc09g097890.2,20.16620123752181,TF,gene,,,SLbZIP_13
Solyc02g082110.4,Solyc06g069000.3,20.157673864943725,TF,gene,,,SLC3H_5
Solyc12g008830.3,Solyc02g090940.3,20.12281945978308,TF,gene,,,SLC2C2-GATA_12
Solyc02g082110.4,Solyc06g084260.3,20.09476661927254,TF,gene,,,SLC3H_5
Solyc06g068570.4,Solyc05g007600.1,20.070844226815908,TF,gene,,,SLAP2_20
Solyc06g068570.4,Solyc12g057160.1,20.053628036389824,TF,gene,,,SLAP2_20
Solyc06g068570.4,Solyc09g089870.3,20.05051050899981,TF,TF,,,SLAP2_20
Solyc02g082110.4,Solyc10g009380.3,20.047864337896733,TF,gene,,,SLC3H_5
Solyc01g059950.1,Solyc04g014645.1,20.04411810218095,TF,gene,,,SLGRAS_16
Solyc05g042030.3,Solyc07g062140.3,20.03548144059225,TR,gene,,,SLPHD_4
Solyc01g059950.1,Solyc11g005270.1,20.02482355386987,TF,gene,,,SLGRAS_16
Solyc02g082110.4,Solyc03g031530.4,20.01781053404654,TF,gene,,,SLC3H_5
Solyc12g008830.3,Solyc08g079750.3,20.013045101549576,TF,gene,,,SLC2C2-GATA_12
Solyc05g042030.3,Solyc08g076460.3,20.01063264601568,TR,gene,,,SLPHD_4
Solyc12g008800.3,Suc,27.95978789232049,TF,sugar,,,SLMYB-related_11
Solyc05g042030.3,Suc,20.85973202731364,TR,sugar,,,SLPHD_4
Solyc02g082110.4,Suc,15.547538833738328,TF,sugar,,,SLC3H_5
Solyc06g068570.4,Suc,12.96558442684809,TF,sugar,,,SLAP2_20
Solyc01g059950.1,Suc,10.71864068406701,TF,sugar,,,SLGRAS_16
Solyc12g008830.3,Suc,9.843551286350788,TF,sugar,,,SLC2C2-GATA_12
Solyc05g050330.3,Suc,9.642655244438828,TF,sugar,,,SLWRKY_34
Solyc08g006110.4,Suc,9.181473096434535,TF,sugar,,,SLbZIP_13
Solyc07g026680.2,Suc,9.166037482304825,TF,sugar,,,SLMYB-related_12
Solyc02g063430.4,Suc,7.126849762306231,TF,sugar,,,SLbHLH_1
